mdm_id,lud
17183285,2020-03-04T13:09:39.678Z
17183272,2020-03-04T13:20:37.764Z
17186044,2020-03-04T13:02:06.687Z
17186064,2020-03-04T13:31:34.101Z
17187398,2020-03-04T13:13:44.567Z
17187411,2020-03-04T13:09:56.367Z
17187650,2020-03-04T13:28:23.381Z
17187661,2020-01-10T08:28:44.045Z
17187668,2020-01-10T08:28:44.045Z
17187671,2020-02-26T09:32:03.761Z
17187828,2020-03-04T13:13:28.176Z
17187855,2020-03-04T13:24:21.516Z
17187901,2020-02-26T09:33:41.623Z
17188018,2020-02-26T09:34:02.037Z
17187958,2020-02-26T09:34:05.406Z
17196331,2020-03-04T13:15:59.088Z
17196781,2020-02-26T09:32:54.031Z
17196966,2020-02-26T09:32:03.761Z
17204366,2020-02-17T10:55:38.056Z
17206044,2020-02-17T10:56:54.202Z
17206025,2020-02-17T11:00:42.347Z
17206080,2020-02-12T08:50:14.650Z
17206166,2020-02-12T08:50:12.879Z
17206185,2020-02-12T08:49:46.666Z
17208791,2020-03-04T13:24:12.572Z
17208822,2020-03-04T13:07:58.372Z
17208821,2020-03-04T13:13:27.869Z
17208815,2020-03-04T13:20:24.689Z
17208823,2020-03-04T13:07:58.372Z
17215440,2020-01-22T09:36:24.769Z
17223462,2020-02-12T08:50:24.065Z
17223473,2020-01-28T09:26:03.383Z
17223504,2020-03-12T09:19:14.164Z
17223502,2020-02-27T09:41:57.159Z
17223526,2020-03-02T11:30:15.976Z
17223536,2020-01-29T09:32:57.999Z
17223552,2020-02-12T08:49:18.983Z
17223578,2020-02-26T09:33:51.303Z
17223586,2020-02-17T10:56:08.866Z
17223593,2020-02-12T08:50:06.299Z
17223595,2020-02-12T08:50:06.299Z
17223629,2020-03-04T13:20:37.788Z
17223675,2020-03-24T22:14:54.533Z
17223700,2020-02-12T08:50:16.570Z
17223752,2020-02-27T09:39:16.395Z
17224857,2020-02-12T08:50:13.767Z
17226286,2020-01-30T09:49:53.787Z
17228265,2020-02-10T08:31:21.540Z
17228270,2020-02-10T08:31:21.540Z
17228280,2020-02-05T09:40:35.531Z
17229688,2020-02-04T08:48:49.863Z
17229676,2020-03-25T03:25:59.933Z
17229869,2020-03-25T02:46:29.317Z
17229889,2020-03-24T22:11:54.480Z
17229909,2020-03-25T10:23:07.063Z
17230020,2020-03-25T07:24:44.076Z
17232092,2020-03-04T13:16:05.971Z
17232124,2020-03-04T13:28:30.953Z
17232131,2020-03-04T13:08:16.067Z
17233830,2020-02-11T09:30:58.092Z
17234133,2020-03-25T03:33:05.839Z
17245573,2020-02-24T11:02:42.725Z
17249159,2020-02-10T11:24:00.764Z
17249185,2020-02-10T11:24:27.850Z
17249183,2020-02-10T11:24:27.843Z
17249213,2020-02-28T08:48:36.268Z
17249229,2020-02-10T11:24:59.302Z
17249226,2020-02-10T11:24:59.336Z
17249222,2020-02-10T11:24:59.302Z
17249225,2020-02-10T11:24:59.336Z
17249250,2020-03-04T13:20:43.168Z
17249284,2020-02-10T11:22:23.726Z
17249286,2020-02-25T09:22:57.700Z
17249297,2020-02-10T11:24:00.725Z
17249341,2020-02-18T09:24:20.269Z
17249380,2020-02-10T11:24:42.415Z
17249398,2020-02-10T11:24:27.849Z
17249466,2020-03-24T22:30:39.716Z
17258325,2020-02-12T09:53:18.025Z
17258387,2020-02-19T09:36:09.781Z
17267667,2020-03-04T13:18:17.571Z
17271013,2020-02-24T12:21:57.763Z
17271017,2020-02-24T12:22:09.860Z
17271010,2020-02-24T12:21:47.772Z
17271011,2020-02-24T12:22:37.968Z
17271008,2020-02-24T12:22:10.103Z
17271014,2020-02-24T12:22:10.103Z
17271009,2020-02-24T12:21:53.477Z
17271015,2020-02-24T12:21:53.477Z
17271006,2020-02-24T12:21:47.772Z
17271007,2020-02-24T12:21:57.173Z
17271016,2020-02-24T12:22:09.860Z
17271018,2020-02-24T12:22:28.672Z
17271019,2020-02-24T12:21:59.805Z
17276557,2020-03-05T08:53:34.476Z
17276575,2020-02-24T11:04:03.374Z
17276577,2020-02-24T12:21:54.217Z
17276863,2020-03-10T08:38:13.303Z
17279601,2020-02-24T13:00:51.961Z
17279631,2020-03-04T13:18:24.081Z
17279618,2020-02-24T13:00:51.985Z
17283590,2020-02-25T09:41:43.574Z
17283593,2020-02-25T09:41:48.923Z
17290351,2020-03-09T11:33:08.806Z
17290367,2020-02-26T09:58:54.693Z
17290993,2020-02-26T09:59:26.069Z
17294158,2020-02-27T10:01:42.881Z
17294171,2020-03-09T10:39:48.681Z
17294188,2020-02-27T10:02:27.563Z
17302353,2020-03-03T17:05:08.684Z
17302332,2020-03-04T13:24:19.296Z
17302335,2020-03-09T10:40:07.470Z
17302347,2020-03-04T13:31:21.774Z
17305936,2020-03-04T15:00:05.904Z
17305939,2020-03-09T09:28:51.973Z
17311467,2020-03-25T08:54:30.908Z
17320367,2020-03-25T05:06:24.088Z
17320368,2020-03-25T13:26:14.042Z
17320366,2020-03-25T14:03:02.325Z
17320372,2020-03-25T01:12:54.194Z
17320456,2020-03-25T02:37:03.923Z
17320448,2020-03-25T04:19:28.690Z
17320439,2020-03-25T03:08:47.169Z
17320766,2020-03-25T02:28:09.116Z
17320769,2020-03-24T22:54:19.477Z
17320767,2020-03-25T09:14:55.886Z
17320765,2020-03-25T09:09:44.494Z
17320762,2020-03-25T06:14:25.779Z
17320771,2020-03-25T13:01:45.163Z
17320774,2020-03-24T21:50:43.303Z
17320778,2020-03-25T02:22:13.617Z
17320781,2020-03-24T23:14:02.276Z
17320783,2020-03-25T05:00:12.465Z
17320784,2020-03-25T07:45:58.342Z
17320787,2020-03-24T22:46:27.463Z
17320792,2020-03-25T05:55:23.242Z
17320798,2020-03-25T09:21:29.000Z
17320799,2020-03-24T23:50:23.979Z
17320802,2020-03-25T02:30:16.333Z
17320803,2020-03-25T08:35:16.603Z
17320808,2020-03-25T03:55:28.615Z
17320806,2020-03-25T13:27:44.879Z
17320810,2020-03-25T04:36:15.901Z
17320814,2020-03-24T22:53:49.205Z
17320812,2020-03-25T13:21:10.955Z
17320819,2020-03-24T23:40:26.262Z
17320821,2020-03-25T12:21:35.120Z
17320827,2020-03-25T06:56:59.783Z
17320826,2020-03-24T23:11:34.854Z
17320829,2020-03-25T13:12:27.722Z
17320833,2020-03-25T06:31:59.290Z
17320836,2020-03-25T08:24:28.521Z
17320839,2020-03-25T06:40:46.944Z
17320841,2020-03-25T13:03:10.112Z
17320844,2020-03-24T22:57:27.298Z
17320838,2020-03-25T01:01:06.571Z
17320847,2020-03-25T08:42:06.411Z
17320848,2020-03-25T03:03:50.286Z
17320850,2020-03-25T00:21:43.135Z
17320852,2020-03-25T09:09:51.472Z
17320866,2020-03-25T08:47:30.390Z
17320860,2020-03-25T04:13:57.374Z
17320861,2020-03-25T10:36:06.431Z
17320855,2020-03-25T01:25:47.781Z
17320867,2020-03-25T05:24:47.961Z
17320868,2020-03-25T01:02:25.346Z
17320873,2020-03-25T13:12:27.587Z
17320869,2020-03-25T04:14:04.310Z
17320871,2020-03-25T13:52:23.107Z
17320877,2020-03-25T10:03:40.709Z
17320875,2020-03-24T23:50:59.581Z
17320881,2020-03-25T05:10:56.499Z
17320888,2020-03-25T14:00:07.928Z
17320892,2020-03-25T10:51:11.403Z
17320894,2020-03-25T02:15:24.556Z
17322573,2020-03-25T11:43:59.154Z
17322577,2020-03-25T02:30:01.721Z
17322712,2020-03-25T08:33:01.589Z
17322714,2020-03-25T00:49:01.081Z
17322717,2020-03-24T22:33:40.584Z
17322715,2020-03-24T22:58:13.134Z
17322711,2020-03-25T01:47:47.844Z
17322718,2020-03-25T13:05:45.388Z
17322720,2020-03-25T08:34:41.250Z
17322725,2020-03-25T09:03:19.897Z
17322733,2020-03-25T12:57:16.130Z
17322737,2020-03-25T12:41:03.272Z
17322743,2020-03-24T22:46:07.352Z
17322741,2020-03-25T10:16:11.669Z
17322748,2020-03-25T06:57:25.470Z
17322745,2020-03-25T11:53:34.812Z
17322751,2020-03-25T01:39:37.604Z
17322749,2020-03-24T22:45:46.431Z
17322768,2020-03-25T07:57:51.604Z
17322765,2020-03-25T08:43:51.802Z
17322764,2020-03-25T08:14:16.084Z
17322766,2020-03-25T13:09:30.146Z
17322781,2020-03-24T22:47:20.616Z
17322784,2020-03-25T01:19:52.741Z
17322787,2020-03-25T01:56:09.927Z
17322788,2020-03-25T13:23:27.988Z
17322789,2020-03-25T10:44:47.477Z
17322791,2020-03-25T13:02:19.379Z
17322793,2020-03-25T02:41:33.524Z
17322798,2020-03-25T03:10:23.196Z
17322792,2020-03-25T07:40:29.362Z
17322796,2020-03-25T10:00:07.730Z
17322794,2020-03-24T22:02:04.125Z
17322801,2020-03-25T04:30:45.341Z
17322811,2020-03-25T02:00:15.651Z
17322808,2020-03-24T23:14:56.588Z
17322817,2020-03-24T23:50:06.416Z
17322820,2020-03-25T03:54:19.359Z
17322826,2020-03-25T02:01:38.751Z
17322827,2020-03-25T13:48:50.383Z
17322828,2020-03-25T04:58:51.450Z
17322834,2020-03-25T06:40:47.627Z
17322830,2020-03-24T22:55:09.972Z
17322836,2020-03-25T11:08:06.879Z
17322835,2020-03-25T04:35:45.249Z
17322843,2020-03-25T05:48:01.437Z
17322841,2020-03-25T03:53:04.117Z
17322854,2020-03-25T07:34:55.586Z
17322861,2020-03-25T11:39:05.280Z
17322865,2020-03-25T11:38:03.510Z
17322866,2020-03-24T22:50:18.785Z
17322868,2020-03-25T05:10:18.734Z
17322871,2020-03-25T08:37:36.478Z
17322875,2020-03-25T13:45:35.843Z
17322879,2020-03-25T08:14:07.186Z
17322884,2020-03-27T08:45:17.592Z
17322880,2020-03-25T12:53:29.041Z
17322882,2020-03-25T13:25:27.351Z
17322887,2020-03-25T12:22:36.404Z
17322903,2020-03-25T07:22:30.169Z
17327129,2020-03-25T02:21:15.204Z
17327134,2020-03-25T07:34:46.592Z
17327135,2020-03-24T23:37:04.519Z
17327128,2020-03-27T08:50:14.597Z
17327130,2020-03-27T08:51:18.192Z
17327131,2020-03-27T08:51:55.998Z
17327153,2020-03-25T13:33:14.924Z
17327155,2020-03-27T08:49:13.045Z
17327150,2020-03-27T08:51:22.689Z
17327149,2020-03-27T08:51:55.998Z
17327145,2020-03-27T08:50:47.204Z
17327164,2020-03-25T00:19:02.208Z
17327168,2020-03-25T13:24:49.777Z
17327167,2020-03-25T04:16:03.044Z
17327179,2020-03-27T08:50:53.890Z
17327184,2020-03-27T08:50:56.040Z
17327183,2020-03-27T08:50:53.890Z
17327181,2020-03-27T08:50:56.040Z
17327182,2020-03-27T08:50:47.204Z
17327180,2020-03-25T05:54:03.433Z
17327189,2020-03-25T13:03:10.112Z
17327192,2020-03-24T23:59:09.427Z
17327193,2020-03-25T04:53:35.723Z
17327197,2020-03-25T04:29:45.073Z
17327212,2020-03-25T01:21:03.574Z
17327220,2020-03-25T08:28:08.275Z
17327239,2020-03-25T12:24:45.790Z
17327244,2020-03-24T23:45:58.870Z
17327246,2020-03-24T23:14:56.349Z
17327225,2020-03-25T03:50:29.215Z
17327233,2020-03-25T02:56:23.800Z
17327248,2020-03-24T22:30:19.729Z
17327272,2020-03-27T08:51:05.101Z
17327268,2020-03-27T08:49:09.882Z
17327257,2020-03-27T08:51:22.689Z
17327262,2020-03-25T03:18:24.853Z
17327255,2020-03-24T23:28:57.669Z
17327287,2020-03-25T04:20:02.031Z
17327292,2020-03-25T09:46:01.736Z
17327286,2020-03-25T02:20:01.688Z
17327284,2020-03-27T08:50:53.890Z
17327282,2020-03-27T08:50:47.204Z
17327281,2020-03-27T08:51:03.767Z
17327291,2020-03-27T08:50:14.597Z
17327289,2020-03-27T08:50:42.012Z
17327283,2020-03-27T08:51:20.192Z
17327304,2020-03-25T04:46:09.371Z
17327311,2020-03-25T13:25:27.433Z
17327298,2020-03-27T08:52:22.839Z
17327306,2020-03-27T08:51:55.998Z
17327307,2020-03-27T08:45:16.987Z
17327305,2020-03-27T08:51:22.689Z
17327322,2020-03-25T10:31:05.149Z
17327320,2020-03-25T06:34:31.073Z
17327332,2020-03-25T05:43:52.486Z
17327312,2020-03-27T08:49:13.045Z
17327369,2020-03-27T08:51:05.101Z
17327359,2020-03-25T06:07:25.727Z
17327361,2020-03-27T08:49:09.882Z
17327357,2020-03-27T08:51:22.689Z
17327375,2020-03-27T08:52:24.370Z
17327349,2020-03-25T09:37:16.906Z
17327362,2020-03-25T02:41:50.528Z
17327352,2020-03-25T10:28:09.779Z
17327365,2020-03-25T02:57:46.293Z
17327355,2020-03-27T08:51:22.689Z
17327417,2020-03-27T08:51:05.101Z
17327414,2020-03-27T08:50:45.336Z
17327420,2020-03-27T08:51:55.998Z
17327403,2020-03-27T08:50:51.851Z
17327397,2020-03-27T08:49:14.862Z
17327388,2020-03-27T08:49:14.862Z
17327410,2020-03-25T06:52:19.022Z
17327387,2020-03-27T08:51:05.101Z
17327398,2020-03-27T08:49:09.882Z
17327381,2020-03-27T08:49:14.862Z
17327409,2020-03-27T08:51:22.689Z
17327393,2020-03-27T08:51:20.192Z
17327407,2020-03-27T08:45:16.987Z
17327386,2020-03-27T08:49:09.882Z
17327380,2020-03-25T03:58:26.280Z
17327408,2020-03-25T09:10:31.899Z
17327384,2020-03-25T13:53:11.555Z
17327431,2020-03-25T12:15:39.871Z
17327434,2020-03-27T08:52:24.370Z
17327435,2020-03-27T08:50:16.425Z
17327439,2020-03-27T08:52:24.370Z
17327433,2020-03-27T08:49:14.862Z
17327432,2020-03-27T08:49:14.862Z
17327437,2020-03-27T08:52:00.109Z
17327441,2020-03-25T07:15:10.059Z
17327444,2020-03-25T04:02:00.799Z
17327451,2020-03-25T05:05:27.216Z
17327452,2020-03-25T01:29:43.246Z
17327443,2020-03-25T13:49:28.470Z
17327449,2020-03-25T11:30:30.342Z
17327461,2020-03-27T08:49:13.045Z
17327479,2020-03-27T08:50:51.851Z
17327485,2020-03-27T08:52:24.370Z
17327459,2020-03-27T08:51:22.689Z
17327463,2020-03-25T01:07:56.470Z
17327484,2020-03-27T08:50:51.851Z
17327468,2020-03-27T08:50:14.597Z
17327464,2020-03-27T08:51:05.101Z
17327466,2020-03-25T13:22:45.890Z
17327477,2020-03-27T07:57:52.341Z
17327481,2020-03-27T08:51:22.689Z
17327473,2020-03-27T08:51:20.192Z
17330353,2020-03-25T06:11:39.395Z
17330357,2020-03-25T06:55:52.821Z
17330367,2020-03-25T08:42:37.451Z
17330366,2020-03-25T10:35:09.581Z
17330385,2020-03-25T08:50:02.361Z
17330392,2020-03-25T11:55:41.404Z
17330397,2020-03-25T02:49:15.633Z
17330393,2020-03-25T07:40:59.607Z
17330395,2020-03-24T21:41:04.309Z
17330409,2020-03-25T07:16:34.315Z
17330413,2020-03-25T10:52:14.758Z
17330416,2020-03-25T01:49:54.021Z
17330431,2020-03-25T06:34:58.229Z
17330434,2020-03-25T00:19:47.069Z
17330444,2020-03-25T09:10:31.899Z
17330441,2020-03-24T23:27:36.692Z
17330445,2020-03-25T12:00:01.308Z
17330443,2020-03-25T13:31:13.373Z
17330449,2020-03-25T01:15:41.770Z
17330462,2020-03-25T02:36:15.832Z
17330459,2020-03-25T06:38:10.539Z
17330463,2020-03-25T09:54:05.517Z
17330460,2020-03-25T03:14:47.166Z
17330481,2020-03-24T22:06:04.810Z
17330468,2020-04-02T07:52:11.856Z
17330469,2020-03-25T11:52:14.450Z
17330485,2020-03-25T01:30:22.198Z
17330488,2020-03-25T05:28:54.052Z
17330487,2020-03-25T09:38:57.592Z
17330479,2020-03-25T01:18:15.633Z
17330494,2020-03-25T01:07:18.519Z
17330495,2020-03-25T07:34:12.982Z
17330500,2020-03-25T03:34:04.036Z
17330497,2020-03-25T12:17:35.173Z
17330493,2020-03-25T03:12:21.309Z
17330505,2020-03-25T09:54:25.443Z
17330504,2020-03-25T10:28:27.788Z
17330507,2020-03-25T10:27:35.066Z
17330512,2020-03-25T03:57:52.876Z
17330510,2020-03-25T13:55:55.764Z
17330517,2020-03-25T13:52:13.693Z
17330518,2020-03-24T23:12:40.510Z
17330539,2020-03-25T13:23:35.189Z
17330535,2020-03-25T03:54:55.202Z
17330540,2020-03-24T22:59:48.635Z
17330534,2020-03-25T04:54:34.780Z
17330530,2020-03-24T23:43:48.811Z
17330554,2020-03-25T02:15:34.455Z
17330552,2020-03-25T07:47:38.505Z
17330562,2020-03-25T12:04:15.584Z
17330564,2020-03-25T04:14:04.800Z
17330557,2020-03-25T11:36:49.861Z
17330560,2020-03-25T07:43:38.551Z
17330563,2020-03-25T08:29:18.170Z
17330572,2020-03-27T07:34:46.167Z
17330577,2020-03-24T21:47:10.309Z
17330575,2020-03-25T12:12:28.699Z
17330582,2020-03-26T10:56:58.903Z
17330571,2020-03-25T12:46:24.967Z
17332748,2020-03-25T10:09:30.646Z
17332753,2020-03-24T21:34:49.301Z
17332760,2020-03-24T21:38:55.315Z
17332792,2020-03-25T11:49:38.103Z
17332796,2020-03-25T10:37:50.510Z
17332813,2020-03-25T07:53:09.069Z
17332820,2020-03-25T01:18:57.039Z
17332823,2020-03-24T22:33:40.661Z
17332840,2020-03-25T02:04:04.095Z
17332833,2020-04-02T07:34:30.986Z
17332847,2020-03-24T22:45:24.460Z
17332850,2020-03-24T23:56:54.141Z
17332858,2020-03-24T23:14:09.125Z
17332852,2020-03-25T08:30:42.924Z
17332861,2020-03-25T04:56:51.415Z
17332854,2020-04-02T07:34:11.243Z
17332871,2020-03-25T03:59:00.475Z
17332875,2020-03-25T05:35:30.613Z
17332897,2020-03-25T02:03:43.343Z
17332883,2020-03-24T22:00:59.381Z
17332922,2020-03-25T06:58:41.289Z
17332915,2020-03-25T01:09:20.290Z
17361348,2020-04-02T07:34:27.719Z
17361352,2020-03-25T02:12:41.256Z
17361350,2020-03-25T13:28:52.142Z
17361353,2020-03-25T06:00:20.608Z
17361359,2020-03-25T08:53:10.484Z
17361357,2020-03-25T04:34:18.455Z
17361364,2020-03-25T13:32:22.336Z
17361362,2020-03-25T01:15:40.368Z
17361369,2020-03-25T03:54:54.859Z
17361363,2020-03-25T03:22:30.215Z
17361365,2020-03-25T08:51:57.771Z
17361367,2020-03-25T06:07:48.144Z
17361381,2020-03-24T23:25:07.095Z
17361372,2020-03-24T22:03:55.662Z
17361373,2020-03-25T00:54:17.916Z
17361379,2020-03-25T02:21:35.410Z
17361371,2020-03-25T13:02:08.214Z
17361589,2020-03-25T01:17:58.210Z
17361591,2020-03-25T09:12:57.719Z
17361598,2020-03-25T13:59:31.099Z
17361597,2020-03-25T03:02:02.657Z
17361607,2020-03-24T21:54:18.540Z
17361601,2020-03-24T22:03:20.736Z
17361610,2020-03-25T13:33:15.435Z
17361614,2020-03-25T05:18:10.487Z
17361613,2020-03-25T00:54:25.443Z
5409747,2020-03-25T10:52:34.863Z
5414541,2020-03-25T06:40:00.417Z
5415565,2020-03-24T23:30:23.676Z
5418865,2020-03-25T11:22:43.212Z
5419729,2020-03-24T23:36:15.183Z
5419727,2020-03-25T00:40:49.497Z
5420498,2020-03-27T07:34:57.176Z
5423380,2020-04-01T18:23:04.253Z
5423842,2020-03-25T13:47:09.749Z
5426964,2020-03-25T00:15:02.833Z
5427784,2020-03-24T23:01:15.261Z
5430250,2020-03-25T00:10:28.585Z
5437747,2020-03-25T01:00:26.563Z
5439534,2020-03-25T03:47:40.766Z
5441558,2020-03-24T22:14:55.099Z
5447833,2020-03-25T11:41:59.897Z
5451064,2020-03-25T03:38:41.476Z
5451332,2020-03-24T23:27:44.985Z
5457092,2020-03-25T01:57:50.445Z
5459492,2020-03-25T02:52:43.960Z
5459677,2020-03-25T01:23:48.171Z
5470197,2020-03-25T04:03:40.628Z
5470363,2020-03-25T09:11:07.889Z
5473921,2020-03-25T07:26:31.538Z
5475164,2020-03-25T00:14:20.716Z
5484490,2020-03-25T01:06:35.204Z
5492543,2020-03-25T14:03:41.469Z
5494299,2020-03-25T10:43:49.555Z
5494509,2020-03-24T22:16:00.760Z
5501521,2020-03-24T22:39:05.418Z
5502991,2020-03-25T02:08:29.212Z
5505899,2020-03-25T05:28:45.556Z
5506366,2020-03-25T11:13:03.253Z
5507514,2020-03-25T11:25:29.318Z
5512033,2020-03-27T08:51:15.769Z
5513195,2020-03-25T07:32:36.900Z
5515449,2020-03-25T03:12:54.856Z
5520117,2020-03-25T12:18:37.494Z
5520386,2020-03-25T01:01:25.666Z
5523383,2020-03-25T01:26:03.887Z
5526214,2020-03-25T12:09:29.898Z
5530691,2020-03-25T06:23:14.362Z
5530858,2020-03-25T09:27:16.253Z
5534837,2020-03-25T00:20:02.753Z
5540605,2020-03-25T10:14:34.431Z
5548754,2020-03-27T08:46:24.789Z
5565381,2020-03-25T04:07:02.076Z
5569688,2020-03-27T08:47:40.757Z
5570122,2020-03-25T13:39:41.679Z
5572537,2020-03-25T05:08:08.201Z
5580248,2020-03-25T08:39:10.424Z
5581461,2020-03-25T04:27:04.680Z
5584053,2020-03-25T06:45:43.965Z
5602484,2020-03-24T23:15:18.641Z
5605358,2020-03-25T04:34:02.202Z
5612411,2020-03-25T01:47:37.617Z
5623658,2020-03-25T11:58:01.920Z
5629654,2020-03-25T09:10:28.751Z
5634998,2020-03-25T04:03:05.648Z
5639316,2020-03-25T04:40:02.206Z
5656905,2020-03-25T07:16:47.231Z
5666478,2020-03-25T04:47:14.168Z
5669135,2020-03-25T11:34:51.600Z
5673557,2020-03-25T04:19:11.299Z
5682248,2020-03-24T23:43:59.980Z
5684331,2020-04-02T07:53:42.151Z
5694704,2020-03-25T12:47:48.869Z
5696535,2020-03-24T22:52:59.339Z
5701252,2020-03-25T00:51:14.457Z
5704366,2020-03-25T05:41:27.094Z
5726864,2020-03-25T08:02:01.902Z
5734054,2020-03-25T04:58:25.656Z
5735235,2020-03-25T01:26:09.777Z
5738658,2020-03-25T05:51:00.537Z
5742103,2020-03-25T13:34:06.629Z
5746249,2020-03-25T00:17:07.890Z
5750230,2020-03-25T12:18:15.607Z
5752769,2020-03-26T08:54:11.059Z
5753247,2020-03-25T04:34:58.192Z
5755392,2020-03-27T08:51:14.554Z
5765698,2020-03-25T04:55:20.338Z
5768318,2020-03-24T22:28:36.884Z
5770013,2020-03-25T08:42:22.182Z
5770298,2020-03-25T13:39:26.000Z
5774707,2020-03-25T04:55:54.241Z
5775524,2020-03-25T10:48:34.059Z
5782727,2020-03-25T05:45:35.958Z
5782945,2020-03-25T07:18:05.841Z
5787178,2020-03-25T02:14:31.166Z
5790248,2020-03-24T22:38:22.152Z
5790447,2020-03-25T08:47:08.297Z
5791429,2020-03-25T12:19:44.049Z
5794621,2020-03-24T21:47:33.565Z
5801394,2020-03-25T04:36:33.139Z
5808079,2020-03-24T22:28:44.251Z
5811914,2020-03-25T13:58:42.174Z
5821212,2020-03-25T05:46:28.917Z
5827501,2020-03-25T10:58:28.553Z
5827656,2020-03-25T09:26:00.419Z
5828694,2020-03-25T04:23:32.090Z
5840672,2020-03-25T08:28:20.378Z
5847794,2020-03-25T00:10:21.743Z
5856483,2020-03-25T08:48:26.850Z
5857866,2020-03-25T03:13:14.659Z
5858548,2020-03-25T11:42:33.066Z
5861284,2020-03-27T08:50:54.554Z
5867598,2020-03-25T01:49:25.379Z
5870695,2020-03-27T08:29:17.944Z
5885052,2020-03-25T00:58:14.105Z
5885170,2020-03-25T08:47:42.191Z
5889565,2020-03-25T08:05:27.128Z
5898039,2020-03-24T23:17:00.675Z
5902162,2020-03-27T08:21:27.175Z
5905764,2020-03-25T05:58:20.746Z
5919099,2020-03-25T00:57:37.247Z
5919806,2020-03-24T23:34:22.108Z
5930724,2020-03-24T23:12:50.492Z
5941268,2020-03-27T07:34:50.268Z
5942291,2020-03-25T08:34:22.741Z
5954281,2020-03-25T05:56:00.124Z
5956331,2020-03-25T09:22:15.385Z
5972078,2020-03-25T12:42:16.132Z
5975300,2020-03-25T13:00:26.095Z
5981079,2020-04-02T07:53:17.140Z
5982123,2020-03-27T08:51:30.641Z
5983128,2020-03-25T07:44:51.325Z
5985487,2020-03-26T08:58:29.675Z
5986350,2020-03-25T09:46:01.736Z
5988194,2020-03-25T03:29:05.134Z
5990856,2020-03-25T05:45:49.748Z
5992094,2020-03-25T01:54:34.761Z
6005058,2020-03-25T09:10:46.910Z
6009049,2020-03-25T05:18:41.205Z
6012177,2020-03-25T09:10:12.565Z
6015744,2020-03-24T21:58:02.531Z
6019122,2020-03-25T12:16:56.332Z
6041933,2020-03-25T09:59:10.821Z
6062363,2020-03-07T19:01:05.007Z
6079275,2020-03-25T03:32:11.483Z
6086215,2020-03-25T12:53:39.456Z
6093379,2020-03-25T06:59:17.583Z
6094621,2020-03-25T05:38:06.492Z
6102450,2020-03-25T06:42:46.917Z
6104132,2020-03-25T13:01:08.830Z
6120632,2020-03-25T09:01:25.867Z
6120726,2020-03-25T13:53:04.106Z
6129376,2020-03-25T05:00:41.208Z
6158610,2020-03-25T13:48:44.680Z
6158946,2020-03-25T09:41:50.489Z
6174590,2020-03-25T10:50:25.618Z
6176872,2020-03-25T03:01:51.150Z
6183037,2020-03-25T01:51:18.555Z
6189746,2020-03-24T21:35:10.697Z
6195031,2020-03-24T22:17:13.735Z
6195839,2020-03-25T07:08:45.409Z
6204910,2020-03-25T03:49:44.695Z
6208619,2020-03-25T10:50:24.703Z
6218310,2020-03-25T03:37:58.704Z
6224318,2020-03-25T03:40:47.957Z
6232728,2020-03-25T03:07:55.175Z
6234202,2020-03-24T21:45:30.474Z
6235056,2020-03-25T01:59:11.878Z
6238901,2020-03-25T05:54:02.878Z
6247122,2020-03-25T04:47:59.238Z
6247228,2020-03-25T11:48:18.353Z
6250517,2020-03-25T02:29:35.988Z
6253698,2020-03-25T01:32:23.421Z
6253836,2020-03-25T09:12:57.714Z
6256231,2020-03-25T00:20:14.293Z
6257294,2020-03-25T02:16:26.217Z
6265745,2020-03-25T13:39:26.050Z
6283705,2020-03-25T11:19:44.532Z
6289048,2020-03-25T08:00:17.236Z
6299952,2020-03-24T22:58:36.177Z
6307212,2020-03-24T23:45:28.210Z
6310855,2020-04-02T07:53:46.252Z
6316982,2020-03-24T23:38:17.696Z
6317722,2020-03-25T05:53:51.899Z
6330901,2020-03-25T04:45:06.380Z
6331602,2020-03-25T13:18:31.225Z
6336095,2020-03-25T12:38:41.625Z
6343018,2020-03-24T22:47:33.472Z
6347765,2020-03-25T03:32:11.483Z
6347852,2020-03-24T23:36:33.843Z
6357394,2020-03-25T02:20:43.457Z
6371279,2020-03-24T23:20:06.416Z
6371798,2020-03-25T04:12:11.192Z
6386616,2020-03-24T22:18:33.270Z
6816888,2020-01-20T09:54:23.200Z
7170122,2020-02-24T12:18:45.269Z
9673916,2020-03-25T01:32:04.339Z
9747890,2020-03-25T07:47:39.006Z
7919034,2018-12-06T06:06:06.084Z
7918780,2018-12-06T06:06:05.891Z
9846342,2020-03-25T08:11:11.190Z
7922591,2019-04-20T07:40:50.999Z
7968079,2018-12-06T06:07:26.576Z
15343807,2020-03-25T09:07:41.368Z
15393200,2019-12-22T05:43:31.098Z
7996758,2019-04-20T07:55:10.084Z
8017366,2019-04-20T07:35:25.041Z
15557309,2020-03-25T10:50:43.363Z
15592283,2020-04-02T07:53:32.587Z
15597238,2020-03-25T00:10:49.173Z
7924429,2018-12-06T06:06:12.884Z
15681020,2020-03-24T22:13:41.343Z
15682009,2020-04-01T20:43:02.427Z
15683949,2020-04-02T07:53:46.247Z
15684245,2020-04-02T07:53:32.618Z
15685587,2020-04-02T07:53:42.148Z
15694341,2020-04-01T18:05:30.804Z
15710332,2020-03-25T05:43:03.109Z
15711075,2020-03-25T00:07:46.184Z
15711280,2020-04-02T07:53:32.587Z
15716133,2020-04-02T07:53:32.618Z
15722911,2020-04-02T07:53:50.973Z
15723500,2020-04-02T07:53:42.151Z
16925822,2020-03-25T04:01:11.935Z
16962222,2020-03-24T23:23:17.083Z
17217468,2020-03-25T07:05:13.949Z
17008416,2019-12-22T05:47:41.907Z
17008434,2019-12-22T05:47:41.907Z
17008423,2019-12-22T05:47:42.130Z
16103697,2020-03-25T06:01:22.744Z
17021517,2020-03-04T13:07:05.498Z
17021516,2020-03-04T13:20:18.682Z
17021518,2020-02-28T09:36:28.396Z
17024227,2020-03-04T13:07:01.485Z
17038405,2020-02-26T08:35:30.702Z
17048615,2020-03-09T09:27:07.605Z
17064884,2020-03-10T08:35:34.046Z
17064897,2020-03-10T08:30:40.057Z
17064928,2020-03-11T07:38:12.994Z
17064973,2020-03-10T08:34:14.683Z
17064957,2020-03-10T08:38:24.766Z
17064952,2020-03-10T08:37:56.872Z
17065070,2020-03-11T07:33:48.893Z
17065081,2020-03-11T07:39:05.546Z
17170450,2020-04-02T07:53:26.101Z
17172226,2020-03-24T23:33:35.186Z
17172235,2020-03-25T13:25:13.500Z
17172281,2020-03-24T23:08:59.060Z
17172282,2020-03-24T22:16:14.177Z
17172303,2020-03-25T03:07:32.418Z
17172300,2020-03-24T22:10:11.321Z
17172302,2020-03-25T08:17:16.104Z
17172322,2020-03-25T02:37:30.896Z
17172320,2020-03-25T01:09:27.536Z
17172324,2020-03-25T08:19:26.126Z
17172313,2020-03-25T09:06:18.219Z
17172334,2020-03-25T11:31:43.331Z
17172327,2020-03-25T01:27:23.163Z
17172333,2020-03-24T23:59:42.091Z
17172348,2020-03-24T22:48:52.411Z
17172345,2020-03-24T22:57:40.637Z
17172342,2020-03-25T05:54:29.446Z
17172353,2020-03-25T00:15:04.542Z
17172355,2020-03-24T23:47:35.344Z
17172364,2020-03-24T22:53:32.084Z
17172373,2020-03-25T08:40:29.138Z
17172365,2020-03-25T06:24:44.821Z
17173851,2020-01-23T08:33:41.466Z
17173850,2020-01-21T08:33:23.681Z
17173855,2020-01-21T08:33:23.681Z
17176893,2020-03-04T13:13:28.176Z
17177390,2020-03-04T13:13:39.066Z
17177392,2020-03-04T13:07:33.669Z
17177391,2020-03-04T13:31:30.711Z
17177389,2020-03-04T13:01:59.884Z
17177388,2020-03-04T13:09:33.482Z
17177396,2020-02-26T09:33:21.073Z
17177394,2020-02-26T09:33:21.073Z
17177393,2020-02-26T09:33:21.073Z
17177395,2020-02-26T09:33:21.073Z
17177399,2020-03-04T13:20:31.187Z
17177403,2020-03-04T13:24:21.516Z
17177404,2020-03-04T13:01:53.094Z
17177405,2020-03-04T13:17:52.582Z
17177406,2020-02-26T09:33:21.073Z
17177409,2020-02-26T09:33:24.169Z
17177410,2020-03-04T13:31:30.711Z
17177408,2020-03-04T13:15:59.207Z
17177421,2020-02-26T09:33:21.073Z
17177418,2020-03-04T13:20:31.187Z
17177420,2020-03-04T13:20:31.187Z
17177419,2020-03-04T13:31:30.711Z
17177425,2020-01-10T09:29:52.937Z
17177426,2020-01-10T09:29:52.937Z
17177423,2020-03-04T13:18:04.474Z
17177424,2020-03-04T13:13:39.180Z
17177422,2020-03-04T13:15:59.207Z
17177430,2020-03-04T13:24:21.516Z
17177428,2020-03-04T13:20:31.187Z
17177431,2020-03-04T13:15:52.863Z
17177429,2020-03-04T13:13:29.230Z
17177427,2020-02-26T09:33:20.925Z
17177435,2020-03-04T13:20:37.764Z
17177436,2020-03-04T13:24:21.516Z
17177434,2020-03-04T13:31:30.711Z
17177432,2020-03-04T13:02:06.687Z
17177433,2020-03-04T13:24:21.516Z
17177454,2020-02-26T09:33:20.986Z
17177451,2020-02-26T09:33:20.986Z
17177441,2020-02-26T09:33:30.605Z
17177445,2020-02-26T09:33:30.605Z
17177458,2020-02-26T09:33:20.925Z
17177455,2020-03-04T13:13:50.776Z
17177456,2020-03-04T13:20:37.567Z
17177457,2020-02-26T09:33:20.925Z
17177459,2020-02-26T09:33:24.169Z
17177462,2020-03-04T13:24:21.516Z
17177461,2020-03-04T13:18:17.262Z
17177463,2020-02-26T09:33:20.986Z
17177464,2020-02-26T09:33:20.986Z
17177460,2020-02-26T09:33:20.986Z
17177471,2020-03-04T13:28:14.273Z
17177474,2020-03-04T13:20:24.585Z
17177475,2020-03-04T13:31:30.711Z
17177472,2020-03-04T13:31:30.711Z
17177470,2020-03-04T13:20:27.720Z
17177468,2020-03-04T13:13:28.176Z
17177466,2020-02-26T09:34:09.437Z
17177467,2020-02-26T09:34:17.741Z
17177469,2020-02-26T09:34:17.741Z
17177513,2020-03-04T13:17:52.582Z
17177514,2020-03-04T13:20:31.187Z
17177511,2020-03-04T13:13:50.776Z
17177510,2020-03-04T13:13:50.776Z
17177512,2020-03-04T13:24:21.516Z
17177508,2020-03-04T13:07:44.916Z
17177509,2020-03-04T13:16:05.883Z
17177507,2020-03-04T13:07:44.987Z
17177505,2020-03-04T13:18:13.789Z
17177506,2020-03-04T13:15:52.863Z
17177485,2020-02-26T09:34:33.479Z
17177502,2020-02-26T09:34:33.479Z
17177486,2020-02-26T09:34:33.479Z
17177499,2020-03-04T13:20:27.720Z
17177501,2020-03-04T13:20:27.720Z
17177504,2020-03-04T13:20:31.187Z
17177490,2020-02-26T09:32:26.535Z
17177481,2020-03-04T13:13:39.066Z
17177498,2020-03-04T13:17:52.582Z
17177482,2020-02-26T09:33:51.303Z
17177492,2020-03-04T13:13:39.066Z
17177494,2020-03-04T13:09:40.400Z
17177489,2020-02-26T09:34:28.577Z
17177503,2020-02-26T09:34:28.577Z
17177493,2020-02-26T09:34:28.577Z
17177491,2020-02-26T09:34:28.577Z
17177496,2020-02-26T09:34:28.577Z
17177497,2020-02-26T09:32:20.464Z
17177500,2020-03-04T13:09:36.081Z
17177483,2020-03-04T13:17:52.582Z
17177488,2020-03-04T13:28:23.381Z
17177516,2020-03-04T13:31:30.711Z
17177518,2020-03-04T13:01:53.094Z
17177519,2020-03-04T13:16:05.883Z
17177517,2020-03-04T13:28:23.381Z
17177515,2020-03-04T13:20:37.764Z
17177526,2020-03-04T13:24:21.516Z
17177527,2020-03-04T13:24:21.516Z
17177524,2020-03-04T13:15:52.863Z
17177525,2020-03-04T13:13:29.230Z
17177520,2020-03-04T13:07:44.987Z
17177533,2020-03-04T13:24:21.516Z
17177531,2020-03-04T13:07:44.916Z
17177529,2020-03-04T13:28:23.381Z
17177530,2020-03-04T13:13:28.176Z
17177537,2020-03-04T13:31:30.711Z
17177547,2020-01-10T09:36:50.555Z
17177549,2020-02-26T09:34:19.436Z
17177546,2020-02-26T09:34:19.436Z
17177544,2020-03-04T13:20:37.764Z
17177554,2020-03-04T13:20:37.764Z
17177561,2020-03-04T13:31:30.711Z
17177559,2020-03-04T13:20:31.187Z
17177556,2020-03-04T13:13:31.252Z
17177553,2020-03-04T13:20:37.764Z
17177563,2020-03-04T13:28:23.381Z
17177564,2020-03-04T13:13:28.176Z
17177571,2020-03-04T13:13:28.176Z
17177569,2020-03-04T13:31:30.711Z
17177562,2020-03-04T13:09:36.081Z
17177572,2020-02-26T09:34:22.028Z
17177570,2020-01-10T09:36:40.993Z
17177578,2020-03-04T13:13:39.180Z
17177579,2020-03-04T13:24:21.516Z
17177573,2020-01-10T09:31:53.768Z
17177576,2020-03-04T13:09:39.678Z
17177580,2020-03-04T13:28:23.381Z
17177582,2020-02-26T09:32:07.539Z
17177575,2020-03-04T13:07:44.916Z
17177574,2020-03-04T13:13:28.176Z
17177577,2020-03-04T13:09:36.081Z
17177581,2020-03-04T13:20:31.187Z
17177589,2020-03-04T13:28:23.381Z
17177591,2020-03-04T13:13:39.180Z
17177583,2020-02-26T09:32:29.369Z
17177584,2020-03-04T13:20:37.764Z
17177590,2020-03-04T13:15:52.863Z
17177587,2020-03-04T13:20:24.585Z
17177592,2020-03-04T13:15:45.672Z
17177585,2020-03-04T13:24:21.516Z
17177586,2020-03-04T13:24:21.516Z
17177601,2020-03-04T13:20:31.169Z
17177602,2020-03-04T13:20:31.187Z
17177595,2020-03-04T13:01:53.094Z
17177599,2020-03-04T13:07:44.916Z
17177597,2020-03-04T13:16:05.883Z
17177598,2020-03-04T13:31:30.711Z
17177600,2020-03-04T13:13:44.382Z
17177594,2020-03-04T13:20:31.169Z
17177596,2020-03-04T13:31:30.711Z
17177593,2020-03-04T13:20:37.764Z
17177611,2020-03-04T13:16:05.883Z
17177606,2020-03-04T13:18:13.789Z
17177605,2020-03-04T13:07:44.987Z
17177609,2020-03-04T13:07:44.987Z
17177604,2020-03-04T13:07:47.868Z
17177608,2020-03-04T13:13:29.230Z
17177610,2020-03-04T13:28:14.273Z
17177603,2020-03-04T13:17:58.186Z
17177613,2020-03-04T13:24:21.516Z
17177615,2020-03-04T13:18:13.789Z
17177616,2020-03-04T13:09:40.400Z
17177622,2020-03-04T13:20:37.764Z
17177623,2020-03-04T13:13:29.230Z
17177617,2020-03-04T13:07:44.987Z
17177630,2020-03-04T13:18:04.474Z
17177629,2020-02-26T09:32:36.377Z
17177633,2020-03-04T13:28:23.381Z
17177637,2020-03-04T13:20:37.567Z
17177635,2020-02-26T09:34:02.080Z
17177632,2020-02-26T09:34:02.080Z
17177636,2020-02-26T09:34:02.080Z
17177634,2020-03-04T13:02:06.578Z
17177656,2020-02-26T09:32:35.998Z
17177654,2020-02-26T09:32:35.998Z
17177651,2020-02-26T09:32:30.643Z
17177652,2020-03-04T13:20:37.764Z
17177655,2020-03-04T13:20:37.764Z
17177657,2020-03-04T13:01:52.989Z
17177640,2020-03-04T13:13:29.230Z
17177639,2020-02-26T09:33:51.276Z
17177649,2020-02-26T09:33:51.276Z
17177641,2020-02-26T09:33:51.276Z
17177642,2020-02-26T09:33:51.276Z
17177648,2020-02-26T09:33:57.925Z
17177643,2020-03-04T13:01:59.884Z
17177647,2020-03-04T13:17:59.186Z
17177646,2020-03-04T13:24:21.516Z
17177661,2020-03-04T13:20:31.187Z
17177671,2020-03-04T13:13:39.066Z
17177678,2020-03-04T13:20:31.187Z
17177662,2020-03-04T13:13:50.776Z
17177667,2020-03-04T13:01:59.884Z
17177665,2020-03-04T13:28:23.381Z
17177676,2020-03-04T13:13:39.180Z
17177658,2020-02-26T09:34:28.803Z
17177660,2020-02-26T09:34:28.803Z
17177677,2020-02-26T09:34:33.479Z
17177666,2020-03-04T13:31:30.711Z
17177663,2020-03-04T13:13:39.066Z
17177673,2020-03-04T13:07:44.906Z
17177672,2020-03-04T13:07:44.906Z
17177670,2020-03-04T13:09:33.482Z
17177659,2020-03-04T13:01:59.884Z
17177669,2020-03-04T13:31:30.711Z
17177664,2020-03-04T13:17:52.582Z
17177674,2020-03-04T13:13:50.776Z
17177668,2020-03-04T13:20:31.187Z
17177681,2020-03-04T13:13:50.776Z
17177679,2020-03-04T13:02:06.578Z
17177687,2020-03-04T13:18:23.876Z
17177685,2020-03-04T13:07:47.868Z
17177682,2020-03-04T13:07:47.868Z
17177686,2020-03-04T13:16:05.883Z
17177680,2020-03-04T13:09:33.482Z
17177684,2020-03-04T13:28:14.273Z
17177688,2020-03-04T13:28:14.273Z
17177683,2020-02-26T09:32:07.539Z
17177689,2020-02-26T09:31:54.102Z
17177702,2020-03-04T13:09:33.482Z
17177703,2020-03-04T13:17:52.582Z
17177690,2020-03-04T13:20:27.720Z
17177696,2020-03-04T13:09:40.400Z
17177691,2020-02-26T09:32:23.180Z
17177695,2020-03-04T13:07:47.868Z
17177701,2020-03-04T13:31:30.711Z
17177709,2020-03-04T13:07:33.669Z
17177714,2020-03-04T13:07:33.669Z
17177717,2020-03-04T13:28:23.381Z
17177716,2020-03-04T13:07:47.868Z
17177715,2020-03-04T13:07:58.590Z
17177704,2020-03-04T13:20:37.764Z
17177708,2020-03-04T13:13:28.176Z
17177712,2020-03-04T13:15:45.263Z
17177713,2020-03-04T13:24:21.516Z
17177722,2020-02-26T09:32:36.377Z
17177721,2020-02-26T09:32:36.377Z
17177729,2020-02-26T09:32:36.377Z
17177726,2020-02-26T09:32:36.377Z
17177728,2020-02-26T09:32:36.377Z
17177723,2020-03-04T13:07:58.590Z
17177719,2020-03-04T13:09:39.678Z
17177727,2020-03-04T13:18:04.474Z
17177720,2020-03-04T13:02:06.578Z
17177730,2020-03-04T13:09:39.678Z
17177734,2020-03-10T08:37:35.974Z
17177740,2020-02-26T09:32:38.489Z
17177743,2020-02-26T09:32:38.489Z
17177749,2020-02-26T09:32:38.489Z
17177744,2020-02-26T09:32:38.489Z
17177741,2020-03-04T13:13:44.382Z
17177732,2020-03-04T13:17:52.582Z
17177750,2020-03-04T13:20:31.169Z
17177751,2020-03-04T13:09:36.081Z
17177735,2020-03-04T13:16:05.883Z
17177745,2020-03-04T13:07:58.590Z
17177738,2020-03-04T13:31:30.711Z
17177739,2020-03-04T13:28:23.381Z
17177746,2020-03-04T13:13:28.176Z
17177733,2020-03-04T13:13:39.180Z
17177753,2020-03-04T13:16:05.883Z
17177755,2020-03-04T13:01:53.094Z
17177763,2020-03-04T13:13:44.382Z
17177757,2020-03-04T13:20:31.187Z
17177764,2020-03-04T13:16:05.883Z
17177765,2020-03-04T13:24:21.516Z
17177759,2020-02-26T09:32:11.076Z
17177754,2020-02-26T09:32:19.793Z
17177760,2020-02-26T09:32:19.793Z
17177778,2020-03-04T13:13:39.066Z
17177775,2020-03-04T13:15:45.672Z
17177770,2020-03-04T13:20:31.187Z
17177779,2020-03-04T13:31:30.711Z
17177768,2020-03-04T13:09:33.482Z
17177767,2020-02-26T09:32:14.120Z
17177776,2020-03-04T13:20:31.187Z
17177769,2020-02-26T09:32:14.451Z
17177771,2020-02-26T09:32:14.451Z
17177772,2020-02-26T09:32:14.451Z
17177780,2020-02-26T09:34:05.406Z
17177787,2020-03-04T13:28:23.381Z
17177789,2020-03-04T13:13:50.776Z
17177790,2020-01-10T09:31:36.304Z
17177786,2020-03-04T13:20:37.764Z
17177782,2020-03-04T13:07:58.590Z
17177788,2020-03-04T13:28:23.381Z
17177781,2020-03-04T13:20:37.764Z
17177784,2020-03-04T13:13:39.180Z
17177783,2020-02-26T09:33:37.523Z
17177785,2020-02-26T09:34:02.080Z
17177804,2020-02-26T09:32:19.793Z
17177799,2020-02-26T09:32:19.793Z
17177796,2020-02-26T09:32:19.793Z
17177803,2020-02-26T09:32:17.276Z
17177798,2020-02-26T09:32:17.276Z
17177800,2020-03-04T13:13:31.252Z
17177801,2020-03-04T13:13:29.230Z
17177791,2020-03-04T13:13:29.230Z
17177805,2020-03-04T13:01:52.989Z
17177802,2020-03-04T13:18:23.876Z
17177793,2020-03-04T13:17:58.186Z
17177792,2020-03-04T13:13:39.066Z
17177795,2020-03-04T13:15:45.672Z
17177794,2020-03-04T13:20:24.585Z
17177806,2020-03-04T13:01:53.094Z
17177810,2020-03-04T13:20:27.720Z
17177817,2020-03-04T13:07:44.906Z
17177812,2020-03-04T13:13:44.382Z
17177807,2020-02-26T09:31:44.136Z
17177808,2020-03-04T13:07:44.916Z
17177821,2020-03-04T13:13:50.776Z
17177819,2020-03-04T13:18:04.474Z
17177816,2020-03-04T13:13:50.776Z
17177811,2020-01-10T09:34:45.779Z
17177809,2020-03-04T13:18:17.262Z
17177823,2020-02-26T09:32:17.276Z
17177833,2020-02-26T09:32:17.276Z
17177829,2020-02-26T09:32:17.276Z
17177831,2020-02-26T09:32:25.142Z
17177835,2020-02-26T09:32:25.142Z
17177836,2020-03-04T13:09:40.400Z
17177824,2020-03-04T13:18:23.876Z
17177822,2020-03-04T13:20:31.187Z
17177834,2020-03-04T13:24:21.516Z
17177827,2020-03-04T13:13:50.776Z
17177826,2020-02-26T09:32:03.761Z
17177828,2020-02-26T09:32:03.761Z
17177830,2020-03-04T13:07:44.906Z
17177832,2020-02-26T09:32:00.122Z
17177837,2020-03-04T13:24:21.516Z
17177841,2020-03-04T13:20:31.187Z
17177846,2020-03-04T13:31:30.711Z
17177838,2020-03-04T13:13:28.176Z
17177845,2020-03-04T13:20:24.585Z
17177840,2020-03-04T13:20:31.187Z
17177855,2020-03-04T13:13:29.230Z
17177854,2020-03-09T09:28:39.672Z
17177859,2020-03-04T13:15:52.863Z
17177851,2020-03-04T13:31:30.711Z
17177849,2020-03-04T13:18:23.876Z
17177856,2020-03-04T13:20:37.567Z
17177857,2020-02-26T09:33:57.925Z
17177853,2020-02-26T09:33:57.925Z
17177852,2020-02-26T09:33:57.925Z
17177848,2020-02-26T09:33:57.925Z
17177858,2020-02-26T09:34:05.406Z
17177864,2020-03-04T13:09:36.081Z
17177863,2020-03-04T13:09:40.400Z
17177861,2020-03-04T13:02:06.578Z
17177860,2020-03-04T13:31:30.711Z
17177862,2020-03-04T13:24:21.516Z
17177866,2020-02-26T09:32:29.448Z
17177871,2020-02-26T09:32:03.689Z
17177869,2020-03-04T13:31:30.711Z
17177875,2020-02-26T09:32:03.689Z
17177877,2020-02-26T09:32:03.689Z
17177865,2020-02-26T09:32:03.689Z
17177878,2020-02-26T09:32:00.122Z
17177870,2020-02-26T09:32:00.122Z
17177868,2020-02-26T09:32:14.494Z
17177879,2020-03-04T13:13:28.176Z
17177876,2020-03-04T13:31:30.711Z
17177882,2020-03-04T13:18:04.474Z
17177880,2020-03-04T13:07:58.590Z
17177885,2020-03-04T13:18:04.474Z
17177890,2020-03-04T13:20:31.169Z
17177884,2020-03-04T13:13:44.382Z
17177881,2020-03-04T13:09:36.081Z
17177889,2020-03-04T13:18:13.789Z
17177892,2020-01-10T09:30:50.978Z
17177897,2020-02-26T09:32:11.135Z
17177900,2020-02-26T09:32:11.135Z
17177902,2020-02-26T09:32:11.135Z
17177895,2020-02-26T09:32:11.135Z
17177896,2020-02-26T09:32:11.135Z
17177903,2020-02-26T09:32:10.902Z
17177898,2020-02-26T09:32:10.902Z
17177901,2020-03-04T13:13:39.180Z
17177899,2020-03-04T13:18:23.876Z
17177904,2020-03-04T13:02:06.578Z
17177908,2020-02-26T09:32:17.170Z
17177909,2020-02-26T09:32:17.170Z
17177912,2020-02-26T09:32:14.120Z
17177911,2020-02-26T09:32:14.120Z
17177905,2020-02-26T09:32:14.120Z
17177910,2020-02-26T09:32:14.120Z
17177906,2020-02-26T09:32:14.120Z
17177907,2020-02-26T09:32:14.451Z
17177913,2020-02-26T09:32:14.451Z
17177928,2020-01-10T09:31:19.391Z
17177921,2020-03-04T13:09:39.678Z
17177917,2020-01-10T09:31:19.391Z
17177920,2020-01-10T09:31:19.391Z
17177922,2020-03-04T13:09:40.400Z
17177926,2020-03-04T13:01:52.989Z
17177919,2020-03-04T13:18:13.789Z
17177914,2020-03-04T13:07:44.987Z
17177916,2020-03-04T13:15:52.863Z
17177936,2020-02-26T09:32:18.080Z
17177939,2020-02-26T09:32:18.080Z
17177943,2020-02-26T09:32:18.080Z
17177932,2020-02-26T09:32:18.080Z
17177938,2020-03-04T13:13:29.230Z
17177933,2020-03-04T13:28:23.381Z
17177934,2020-03-04T13:07:47.868Z
17177929,2020-03-04T13:31:30.711Z
17177931,2020-03-04T13:31:30.711Z
17177948,2020-03-04T13:15:45.672Z
17177945,2020-03-04T13:28:14.273Z
17177946,2020-03-04T13:15:45.672Z
17177947,2020-03-04T13:28:14.273Z
17177944,2020-03-04T13:01:59.884Z
17177953,2020-03-04T13:31:30.711Z
17177949,2020-03-04T13:20:24.585Z
17177950,2020-03-04T13:20:31.187Z
17177963,2020-03-04T13:13:39.066Z
17177954,2020-02-26T09:32:39.753Z
17177955,2020-03-04T13:01:53.094Z
17177959,2020-03-04T13:07:44.916Z
17177951,2020-03-04T13:18:13.789Z
17177960,2020-03-04T13:13:28.176Z
17177969,2020-02-26T09:32:14.451Z
17177967,2020-01-10T09:36:33.290Z
17177968,2020-02-26T09:32:14.451Z
17177970,2020-02-26T09:32:14.451Z
17177964,2020-02-26T09:32:23.180Z
17177966,2020-03-04T13:17:59.186Z
17177973,2020-02-26T09:32:10.870Z
17177977,2020-02-26T09:32:10.870Z
17177981,2020-02-26T09:32:10.870Z
17177975,2020-02-26T09:32:10.870Z
17177974,2020-03-04T13:07:58.590Z
17177982,2020-03-04T13:20:37.567Z
17177976,2020-02-26T09:32:17.170Z
17177979,2020-03-04T13:13:39.180Z
17177980,2020-03-04T13:13:39.180Z
17177985,2020-02-26T09:32:45.433Z
17177991,2020-03-04T13:01:53.094Z
17177990,2020-03-04T13:09:36.081Z
17177994,2020-03-04T13:20:31.169Z
17177984,2020-03-04T13:24:21.516Z
17178005,2020-03-04T13:20:31.169Z
17178002,2020-03-04T13:07:44.916Z
17178006,2020-03-04T13:20:37.764Z
17178003,2020-03-04T13:28:23.381Z
17178009,2020-03-04T13:13:31.252Z
17178000,2020-03-04T13:13:39.066Z
17178004,2020-03-04T13:07:33.669Z
17177999,2020-03-04T13:24:21.516Z
17177996,2020-03-04T13:24:21.516Z
17178011,2020-03-04T13:13:29.230Z
17178001,2020-03-04T13:18:23.876Z
17177997,2020-03-04T13:24:21.516Z
17178022,2020-03-04T13:07:47.868Z
17178015,2020-02-26T09:32:50.562Z
17178023,2020-03-04T13:02:06.578Z
17178018,2020-02-26T09:32:50.562Z
17178017,2020-02-26T09:32:50.562Z
17178013,2020-02-26T09:32:50.562Z
17178032,2020-03-04T13:28:14.273Z
17178026,2020-03-04T13:01:59.884Z
17178024,2020-03-04T13:13:50.776Z
17178025,2020-03-04T13:13:39.066Z
17178031,2020-03-04T13:17:58.186Z
17178027,2020-03-04T13:07:33.669Z
17178046,2020-03-04T13:24:21.516Z
17178042,2020-03-04T13:28:14.273Z
17178037,2020-03-04T13:20:31.187Z
17178040,2020-03-04T13:17:52.582Z
17178038,2020-03-04T13:20:24.585Z
17178033,2020-03-04T13:31:30.711Z
17178047,2020-03-04T13:18:04.474Z
17178039,2020-03-04T13:13:39.180Z
17178045,2020-01-10T09:36:47.805Z
17178043,2020-01-10T09:36:47.805Z
17178035,2020-03-04T13:20:31.187Z
17178036,2020-03-04T13:07:44.906Z
17178034,2020-03-04T13:31:30.711Z
17178041,2020-03-04T13:31:30.711Z
17178044,2020-03-04T13:28:14.273Z
17178057,2020-03-04T13:13:44.382Z
17178055,2020-03-04T13:01:52.989Z
17178052,2020-03-04T13:20:31.187Z
17178050,2020-03-04T13:28:23.381Z
17178061,2020-03-04T13:07:44.987Z
17178065,2020-03-04T13:18:23.876Z
17178064,2020-03-04T13:31:30.711Z
17178060,2020-02-26T09:32:17.276Z
17178063,2020-01-10T09:36:01.899Z
17178058,2020-03-04T13:13:31.252Z
17178066,2020-02-26T09:32:53.519Z
17178056,2020-02-26T09:32:53.519Z
17178053,2020-02-26T09:32:58.528Z
17178059,2020-02-26T09:32:58.528Z
17178048,2020-02-26T09:32:58.528Z
17178054,2020-03-04T13:28:23.381Z
17178067,2020-03-04T13:24:21.516Z
17178051,2020-03-04T13:28:23.381Z
17178049,2020-01-10T09:34:03.897Z
17178076,2020-02-26T09:32:50.562Z
17178069,2020-02-26T09:32:50.562Z
17178077,2020-03-04T13:20:37.764Z
17178071,2020-03-04T13:02:06.578Z
17178075,2020-03-04T13:24:21.516Z
17178097,2020-03-04T13:20:31.169Z
17178095,2020-03-04T13:28:23.381Z
17178093,2020-03-04T13:31:30.711Z
17178091,2020-03-04T13:28:23.381Z
17178096,2020-03-04T13:01:52.989Z
17178090,2020-03-04T13:09:40.400Z
17178079,2020-03-04T13:31:30.711Z
17178080,2020-03-04T13:13:29.230Z
17178084,2020-03-04T13:01:52.989Z
17178078,2020-03-04T13:24:21.516Z
17178083,2020-03-04T13:01:52.989Z
17178085,2020-01-09T09:31:16.577Z
17178089,2020-02-26T09:32:53.519Z
17178092,2020-02-26T09:32:53.519Z
17178087,2020-02-26T09:32:53.519Z
17178081,2020-03-04T13:13:44.382Z
17178088,2020-03-04T13:31:30.711Z
17178086,2020-03-04T13:28:23.381Z
17178082,2020-03-04T13:07:44.987Z
17178117,2020-03-04T13:13:39.066Z
17178123,2020-03-04T13:20:31.187Z
17178120,2020-03-04T13:20:31.187Z
17178111,2020-03-04T13:13:28.176Z
17178112,2020-03-04T13:07:33.669Z
17178115,2020-03-04T13:01:59.884Z
17178109,2020-03-04T13:20:24.585Z
17178119,2020-02-26T09:32:04.256Z
17178113,2020-03-04T13:24:21.516Z
17178121,2020-03-04T13:13:39.066Z
17178118,2020-03-04T13:15:45.672Z
17178116,2020-03-04T13:09:33.482Z
17178122,2020-03-04T13:20:27.720Z
17178114,2020-03-04T13:07:44.906Z
17178100,2020-02-26T09:33:30.580Z
17178103,2020-02-26T09:33:30.580Z
17178105,2020-02-26T09:33:30.580Z
17178107,2020-02-26T09:33:30.580Z
17178104,2020-02-26T09:33:30.580Z
17178108,2020-01-10T09:35:58.808Z
17178106,2020-03-04T13:07:58.590Z
17178101,2020-03-04T13:20:37.764Z
17178098,2020-03-04T13:13:28.176Z
17178140,2020-01-10T09:32:42.275Z
17178129,2020-03-04T13:09:36.081Z
17178126,2020-03-04T13:20:31.169Z
17178137,2020-03-04T13:09:36.081Z
17178128,2020-02-26T09:32:14.451Z
17178130,2020-03-04T13:20:31.169Z
17178124,2020-03-04T13:28:23.381Z
17178133,2020-03-04T13:31:30.711Z
17178138,2020-03-04T13:31:30.711Z
17178125,2020-03-04T13:02:06.578Z
17178136,2020-03-04T13:28:23.381Z
17178141,2020-03-04T13:18:17.262Z
17178134,2020-03-04T13:20:37.764Z
17178135,2020-03-04T13:13:39.180Z
17178139,2020-02-26T09:33:41.673Z
17178131,2020-03-04T13:13:44.382Z
17178132,2020-03-04T13:07:44.916Z
17178127,2020-03-04T13:18:13.789Z
17178143,2020-03-04T13:15:45.672Z
17178148,2020-03-04T13:31:30.711Z
17178150,2020-03-04T13:16:05.883Z
17178147,2020-03-04T13:20:31.187Z
17178145,2020-02-26T09:32:45.433Z
17178169,2020-02-26T09:32:20.464Z
17178168,2020-02-26T09:32:20.464Z
17178167,2020-02-26T09:32:20.464Z
17178170,2020-02-26T09:32:42.171Z
17178162,2020-03-04T13:28:14.273Z
17178163,2020-02-26T09:33:25.288Z
17178165,2020-02-26T09:33:24.326Z
17178166,2020-03-04T13:01:53.094Z
17178164,2020-02-26T09:33:24.326Z
17178153,2020-03-04T13:07:44.906Z
17178155,2020-03-04T13:13:28.176Z
17178157,2020-03-04T13:20:31.187Z
17178159,2020-03-04T13:07:44.916Z
17178161,2020-03-04T13:20:31.169Z
17178152,2020-03-04T13:31:30.711Z
17178156,2020-03-04T13:07:44.906Z
17178158,2020-02-26T09:33:54.990Z
17178160,2020-02-26T09:33:41.673Z
17178186,2020-03-04T13:31:30.711Z
17178174,2020-01-07T14:05:30.310Z
17178176,2020-02-26T09:33:54.501Z
17178189,2020-02-26T09:33:54.501Z
17178180,2020-02-26T09:33:54.501Z
17178191,2020-01-10T09:32:54.394Z
17178177,2020-02-26T09:33:30.531Z
17178179,2020-02-26T09:33:30.531Z
17178181,2020-02-26T09:33:30.531Z
17178175,2020-02-26T09:33:30.531Z
17178187,2020-03-04T13:02:06.578Z
17178182,2020-03-04T13:07:47.868Z
17178173,2020-03-04T13:13:39.180Z
17178183,2020-01-10T09:36:01.593Z
17178190,2020-01-10T09:35:58.808Z
17178185,2020-02-26T09:33:54.501Z
17178188,2020-01-10T09:34:14.593Z
17178178,2020-02-26T09:33:54.501Z
17178208,2020-02-26T09:32:25.462Z
17178207,2020-02-26T09:32:32.276Z
17178209,2020-02-26T09:32:32.276Z
17178211,2020-02-26T09:32:32.276Z
17178210,2020-02-26T09:32:26.535Z
17178200,2020-03-04T13:20:37.764Z
17178193,2020-03-04T13:28:23.381Z
17178196,2020-03-04T13:28:23.381Z
17178201,2020-03-04T13:13:39.180Z
17178204,2020-03-04T13:20:37.567Z
17178202,2020-03-04T13:20:37.567Z
17178197,2020-03-04T13:18:17.262Z
17178205,2020-03-04T13:09:39.678Z
17178203,2020-03-04T13:28:23.381Z
17178198,2020-03-04T13:09:39.678Z
17178206,2020-02-26T09:32:29.448Z
17178195,2020-03-04T13:09:40.400Z
17178194,2020-03-04T13:20:37.567Z
17178199,2020-03-04T13:31:30.711Z
17178214,2020-02-26T09:33:57.925Z
17178222,2020-03-04T13:31:30.711Z
17178219,2020-03-04T13:18:04.474Z
17178220,2020-03-04T13:28:23.381Z
17178218,2020-01-10T09:34:04.731Z
17178217,2020-03-04T13:09:39.678Z
17178223,2020-01-10T09:32:44.989Z
17178221,2020-01-10T09:32:44.989Z
17178215,2020-01-10T09:32:44.989Z
17178216,2020-03-04T13:13:28.176Z
17178224,2020-02-26T09:32:26.535Z
17178228,2020-02-26T09:32:26.535Z
17382909,2020-03-25T07:41:40.059Z
17382904,2020-03-25T10:24:42.563Z
17382908,2020-03-25T07:41:40.119Z
17382905,2020-03-27T08:31:56.843Z
17382911,2020-03-27T08:30:43.694Z
17382906,2020-03-25T08:34:29.685Z
17382914,2020-03-27T07:34:21.668Z
17382920,2020-03-25T07:43:21.350Z
17382919,2020-03-25T07:43:21.352Z
17382923,2020-03-25T07:42:37.513Z
17382921,2020-03-25T07:43:28.654Z
17382925,2020-03-25T07:43:09.773Z
17382928,2020-03-27T08:31:56.843Z
17382934,2020-03-27T08:32:59.086Z
17382932,2020-03-27T08:28:26.774Z
17382933,2020-03-25T07:43:30.723Z
17382939,2020-03-25T07:58:24.031Z
17382935,2020-03-25T07:43:01.580Z
17382936,2020-03-25T12:56:37.482Z
17382940,2020-03-25T07:43:16.123Z
17382938,2020-03-27T07:34:33.301Z
17382943,2020-03-25T13:58:29.468Z
17382944,2020-03-26T08:38:20.394Z
17382950,2020-03-25T07:43:21.348Z
17382949,2020-03-25T12:31:58.313Z
17382957,2020-03-25T07:43:16.122Z
17382954,2020-04-02T07:34:17.388Z
17382959,2020-03-25T11:11:03.149Z
17382960,2020-03-25T07:42:23.022Z
17382962,2020-03-25T09:58:41.713Z
17382963,2020-03-25T07:43:28.654Z
17382965,2020-03-26T08:37:28.198Z
17382968,2020-03-25T07:42:43.000Z
17382971,2020-03-25T07:43:16.124Z
17382975,2020-03-25T07:43:16.119Z
17382974,2020-03-25T07:43:16.121Z
17382982,2020-03-25T07:43:01.585Z
17382985,2020-03-25T07:43:01.571Z
17382977,2020-03-25T07:43:16.117Z
17382988,2020-03-25T07:43:16.042Z
17382986,2020-03-25T07:43:21.438Z
17382990,2020-03-25T08:37:58.956Z
17382989,2020-03-25T07:43:10.905Z
17382993,2020-03-25T07:43:28.905Z
17382995,2020-03-25T09:10:12.786Z
17383001,2020-03-25T07:43:28.905Z
17383003,2020-03-25T08:38:42.912Z
17383006,2020-03-25T10:13:13.566Z
17383007,2020-03-25T07:43:16.120Z
17383009,2020-03-25T07:43:14.234Z
17383005,2020-03-27T07:34:46.547Z
17383013,2020-03-25T07:43:09.778Z
17383018,2020-03-25T07:43:16.118Z
17383015,2020-03-25T09:45:30.359Z
17383014,2020-03-25T07:42:36.931Z
17576651,2020-03-26T08:58:25.550Z
17597072,2020-04-02T07:52:59.260Z
17877450,2020-03-27T08:45:22.377Z
18439863,2020-03-25T09:07:17.364Z
18439861,2020-03-25T09:10:40.994Z
18439866,2020-03-25T09:10:00.114Z
18439969,2020-03-25T09:09:35.146Z
18439970,2020-03-25T09:07:17.971Z
18439968,2020-03-25T09:10:19.616Z
18439971,2020-03-25T09:12:39.933Z
18440032,2020-03-25T09:10:59.586Z
18440033,2020-03-25T09:10:40.983Z
18440361,2020-03-26T08:38:36.509Z
18440357,2020-03-25T09:09:29.129Z
18440364,2020-03-25T09:12:39.907Z
18440363,2020-03-25T09:11:01.714Z
18440369,2020-03-25T09:10:03.738Z
18440368,2020-03-25T09:09:24.097Z
18440362,2020-03-25T09:08:25.478Z
18440545,2020-03-25T09:09:54.999Z
18440548,2020-03-25T09:07:18.642Z
18440544,2020-03-25T09:09:30.417Z
18440542,2020-03-25T09:07:18.125Z
18441024,2020-03-25T09:09:54.947Z
18441015,2020-03-25T09:10:02.465Z
18441020,2020-03-25T09:07:18.258Z
18441029,2020-03-25T09:12:39.931Z
18441036,2020-03-27T07:34:50.268Z
18441030,2020-03-25T09:10:06.126Z
18441028,2020-03-25T09:11:01.348Z
18441031,2020-03-25T09:10:21.719Z
18441210,2020-03-25T09:08:17.193Z
18441213,2020-03-25T09:10:19.525Z
18441211,2020-04-02T07:34:06.965Z
18441215,2020-03-25T09:09:59.306Z
18441217,2020-03-25T09:10:41.040Z
18441216,2020-03-25T09:09:59.257Z
18441214,2020-03-25T09:07:18.520Z
18441319,2020-03-26T07:44:46.779Z
18441334,2020-03-25T09:10:05.910Z
18441328,2020-03-26T08:35:05.126Z
18441330,2020-03-25T09:10:40.998Z
18441321,2020-03-25T09:10:40.997Z
18441331,2020-03-25T09:10:43.322Z
18441323,2020-03-25T09:10:57.511Z
18441325,2020-03-25T09:10:50.516Z
18441329,2020-03-25T09:07:25.864Z
18441322,2020-03-25T09:08:17.204Z
18441326,2020-03-25T09:10:40.982Z
18441357,2020-03-25T09:12:39.936Z
18441358,2020-03-25T09:08:17.340Z
18441364,2020-03-25T09:11:01.339Z
18441365,2020-03-27T07:34:53.481Z
18441360,2020-03-25T09:09:54.992Z
18441363,2020-03-25T09:07:18.642Z
18441394,2020-03-25T09:09:59.258Z
18441397,2020-03-25T09:09:54.994Z
18441395,2020-03-25T09:10:40.995Z
18441568,2020-03-27T07:34:50.371Z
18441572,2020-04-02T07:52:17.389Z
18441571,2020-03-25T09:10:10.302Z
18441565,2020-03-25T09:07:18.644Z
18441635,2020-03-25T09:10:34.016Z
18441625,2020-03-25T09:11:01.339Z
18441633,2020-03-25T09:07:18.263Z
18441623,2020-03-25T09:10:39.672Z
18441626,2020-03-25T09:10:07.251Z
18441637,2020-03-25T09:12:39.861Z
18441629,2020-03-26T08:38:23.393Z
18441622,2020-03-25T09:09:27.464Z
18993759,2020-03-27T07:34:33.301Z
18993765,2020-03-26T09:00:50.998Z
18993756,2020-03-26T09:00:42.156Z
18993763,2020-03-26T09:00:46.758Z
18993760,2020-03-27T07:34:33.301Z
18993761,2020-03-26T08:58:40.450Z
18993757,2020-03-27T08:30:11.008Z
18993766,2020-03-26T08:58:43.328Z
18993769,2020-03-26T09:00:04.585Z
18993771,2020-03-26T08:58:34.023Z
18993779,2020-03-27T07:34:47.037Z
18993777,2020-03-26T09:00:46.783Z
18993782,2020-03-27T08:51:09.263Z
18993787,2020-03-26T08:58:29.676Z
18993783,2020-03-26T08:58:34.022Z
18993795,2020-03-26T08:59:00.400Z
18993792,2020-03-26T08:58:34.023Z
18993793,2020-03-26T08:58:38.720Z
18993788,2020-03-26T08:58:29.410Z
18993802,2020-03-26T09:00:46.894Z
18993804,2020-03-26T09:00:04.793Z
18993798,2020-03-26T09:00:46.634Z
18993800,2020-03-26T09:00:42.490Z
18993809,2020-03-27T07:34:38.909Z
18993808,2020-03-26T08:58:25.553Z
18993805,2020-03-26T09:00:52.101Z
18993812,2020-03-26T09:00:52.109Z
18993828,2020-03-26T09:00:48.292Z
18993815,2020-03-26T09:00:42.160Z
18993820,2020-03-26T09:00:41.978Z
18993818,2020-03-26T08:58:59.559Z
18993826,2020-03-26T08:58:29.676Z
18993827,2020-03-26T08:58:29.613Z
18993825,2020-03-26T08:59:03.769Z
18993823,2020-03-26T08:59:01.854Z
18993835,2020-03-26T08:59:00.435Z
18993831,2020-03-26T08:59:00.399Z
18993849,2020-03-26T09:00:51.093Z
18993839,2020-03-26T08:59:05.515Z
18993843,2020-03-26T08:58:29.673Z
18993855,2020-03-26T08:59:08.101Z
18993853,2020-03-26T09:00:52.108Z
18993872,2020-03-26T09:00:48.289Z
18993869,2020-03-26T09:00:51.031Z
18993852,2020-03-26T08:59:01.943Z
18993865,2020-03-26T08:58:40.449Z
18993854,2020-03-27T08:32:52.479Z
18993868,2020-03-26T08:58:29.410Z
18993861,2020-03-26T09:00:42.160Z
18993856,2020-03-26T08:59:11.557Z
18993873,2020-03-26T09:00:49.094Z
18993858,2020-03-26T09:00:41.978Z
18993862,2020-03-26T08:58:59.428Z
18993881,2020-03-26T08:59:01.854Z
18993883,2020-03-27T08:22:53.217Z
18993884,2020-03-26T08:58:29.673Z
18995817,2020-03-27T08:52:28.472Z
18995824,2020-03-27T08:49:23.858Z
18995820,2020-03-27T08:50:26.772Z
18995819,2020-03-27T08:50:49.710Z
18995825,2020-03-27T08:51:29.109Z
18995826,2020-03-27T08:49:26.723Z
18995827,2020-03-27T08:52:27.410Z
18995833,2020-03-27T08:52:03.895Z
18995835,2020-03-27T08:52:06.954Z
18995840,2020-03-27T08:51:30.448Z
18995843,2020-03-27T08:49:31.775Z
18995842,2020-03-27T08:49:29.659Z
18995841,2020-03-27T08:50:53.793Z
18995838,2020-03-27T08:49:23.639Z
18995839,2020-03-27T08:52:05.630Z
18995845,2020-03-27T08:51:31.866Z
18995856,2020-03-27T08:51:29.111Z
18995857,2020-03-27T08:51:06.187Z
18995855,2020-03-27T08:45:29.124Z
18995858,2020-03-27T08:51:39.096Z
18995850,2020-03-27T08:51:00.766Z
18995851,2020-03-27T08:51:04.419Z
18995853,2020-03-27T08:52:05.627Z
18995867,2020-03-27T08:50:26.770Z
18995865,2020-03-27T08:52:32.018Z
18995860,2020-03-27T08:49:25.215Z
18995873,2020-03-27T08:50:27.354Z
18995868,2020-03-27T08:49:18.888Z
18995866,2020-03-27T08:49:19.943Z
18995871,2020-03-27T08:52:05.564Z
18995863,2020-03-27T08:45:29.197Z
18995875,2020-03-27T08:50:54.553Z
18995879,2020-03-27T08:52:06.761Z
18995878,2020-03-27T08:51:31.858Z
18995881,2020-03-27T08:51:12.982Z
18995883,2020-03-27T08:51:04.408Z
18995887,2020-03-27T08:51:31.825Z
18995888,2020-03-27T08:52:31.909Z
18995884,2020-03-27T08:49:25.178Z
18995886,2020-03-27T08:51:14.361Z
18995882,2020-03-27T08:52:03.895Z
18995885,2020-03-27T08:52:02.839Z
18995899,2020-03-27T08:49:14.413Z
18995909,2020-03-27T08:52:31.475Z
18995895,2020-03-27T08:50:49.628Z
18995893,2020-03-27T08:52:28.764Z
18995898,2020-03-27T08:52:28.506Z
18995896,2020-03-27T08:51:30.615Z
18995894,2020-03-27T08:45:31.796Z
18995906,2020-03-27T08:51:29.030Z
18995908,2020-03-27T08:50:26.789Z
18995907,2020-03-27T08:49:25.547Z
18995892,2020-03-27T08:45:29.197Z
18995905,2020-03-27T08:51:42.976Z
18995904,2020-03-27T08:51:04.343Z
18995902,2020-03-27T08:51:04.422Z
18995890,2020-03-27T08:52:03.895Z
18995891,2020-03-27T08:50:59.534Z
18995900,2020-03-27T08:49:26.719Z
18995924,2020-03-27T08:51:07.420Z
18995930,2020-03-27T08:45:29.930Z
18995929,2020-03-27T08:52:31.916Z
18995911,2020-03-27T08:52:32.152Z
18995917,2020-03-27T08:51:39.089Z
18995920,2020-03-27T08:50:49.800Z
18995912,2020-03-27T08:51:35.090Z
18995916,2020-03-27T08:51:31.828Z
18995927,2020-03-27T08:51:35.411Z
18995931,2020-03-27T08:50:54.183Z
18995921,2020-03-27T08:45:30.975Z
18995913,2020-03-27T08:50:26.789Z
18995925,2020-03-27T08:50:49.656Z
18995933,2020-03-27T08:50:26.770Z
18995935,2020-03-27T08:45:29.988Z
18995943,2020-03-27T08:51:04.419Z
18995944,2020-03-27T08:49:23.869Z
18995940,2020-03-27T08:50:26.772Z
18995942,2020-03-27T08:52:32.018Z
18995946,2020-03-27T08:52:32.018Z
18995945,2020-03-27T08:49:25.002Z
18995956,2020-03-27T08:49:29.160Z
18995957,2020-03-27T08:49:23.858Z
18995948,2020-03-27T08:51:30.557Z
18995951,2020-03-27T08:50:54.894Z
18995954,2020-03-27T08:52:05.626Z
18995955,2020-03-27T08:50:49.656Z
18995964,2020-03-27T08:52:32.142Z
18995950,2020-03-27T08:52:32.142Z
18995962,2020-03-27T08:51:03.749Z
18995952,2020-03-27T08:51:35.409Z
18995958,2020-03-27T08:45:29.125Z
18995949,2020-03-27T08:50:32.822Z
18995953,2020-03-27T08:52:04.495Z
18995960,2020-03-27T08:52:34.043Z
18995959,2020-03-27T08:49:23.639Z
18995961,2020-03-27T08:49:18.918Z
18995965,2020-03-27T08:49:20.515Z
18995981,2020-03-27T08:49:23.641Z
18995982,2020-03-27T08:51:29.108Z
18995976,2020-03-27T08:52:28.615Z
18995988,2020-03-27T08:52:02.927Z
18995970,2020-03-27T08:52:28.615Z
18995967,2020-03-27T08:50:26.705Z
18995978,2020-03-27T08:49:18.969Z
18995975,2020-03-27T08:52:05.630Z
18995987,2020-03-27T08:51:31.824Z
18995983,2020-03-27T08:50:26.705Z
18995968,2020-03-27T08:50:26.770Z
18995969,2020-03-27T08:52:04.163Z
18995971,2020-03-27T08:51:00.766Z
18995989,2020-03-27T08:50:55.943Z
18995984,2020-03-27T08:51:14.361Z
18995986,2020-03-27T08:49:25.178Z
18995979,2020-03-27T08:51:30.528Z
18995990,2020-03-27T08:45:31.775Z
18995966,2020-03-27T08:51:39.109Z
18996001,2020-03-27T08:51:07.543Z
18995995,2020-03-27T08:51:28.945Z
18996004,2020-03-27T08:52:01.435Z
18996006,2020-03-27T08:50:49.800Z
18996010,2020-03-27T08:52:02.927Z
18996003,2020-03-27T08:50:49.821Z
18996009,2020-03-27T08:49:18.917Z
18996007,2020-03-27T08:52:31.915Z
18996011,2020-03-27T08:52:05.630Z
18996002,2020-03-27T08:50:27.309Z
18996008,2020-03-27T08:49:18.862Z
18996021,2020-03-27T08:52:27.410Z
18996031,2020-03-27T08:49:14.414Z
18996033,2020-03-27T08:52:02.757Z
18996024,2020-03-27T08:49:18.915Z
18996035,2020-03-27T08:50:48.466Z
18996040,2020-03-27T08:50:23.974Z
18996026,2020-03-27T08:51:07.432Z
18996041,2020-03-27T08:49:19.944Z
18996032,2020-03-27T08:51:29.113Z
18996037,2020-03-27T08:49:22.083Z
18996015,2020-03-27T08:51:29.030Z
18996034,2020-03-27T08:49:23.632Z
18996019,2020-03-27T08:50:59.539Z
18996016,2020-03-27T08:49:25.181Z
18996013,2020-03-27T08:49:18.920Z
18996027,2020-03-27T08:51:14.452Z
18996038,2020-03-27T08:45:29.124Z
18996025,2020-03-27T08:51:12.982Z
18996052,2020-03-27T08:49:22.063Z
18996066,2020-03-27T08:45:29.191Z
18996063,2020-03-27T08:52:07.289Z
18996059,2020-03-27T08:45:29.204Z
18996065,2020-03-27T08:50:49.710Z
18996045,2020-03-27T08:49:18.476Z
18996050,2020-03-27T08:51:32.229Z
18996072,2020-03-27T08:52:31.543Z
18996056,2020-03-27T08:50:49.821Z
18996054,2020-03-27T08:50:59.051Z
18996069,2020-03-27T08:49:19.944Z
18996047,2020-03-27T08:51:35.406Z
18996057,2020-03-27T08:50:34.903Z
18996048,2020-03-27T08:52:32.152Z
18996046,2020-03-27T08:51:14.452Z
18996073,2020-03-27T08:51:39.096Z
18996064,2020-03-27T08:49:18.480Z
18996070,2020-03-27T08:52:02.751Z
18996061,2020-03-27T08:50:59.227Z
18996058,2020-03-27T08:50:59.539Z
18996077,2020-03-27T08:51:39.109Z
18996053,2020-03-27T08:50:54.314Z
18996055,2020-03-27T08:51:32.229Z
18996060,2020-03-27T08:52:31.603Z
18996051,2020-03-27T08:50:55.876Z
18996085,2020-03-27T08:52:28.468Z
18996082,2020-03-27T08:49:25.316Z
18996086,2020-03-27T08:51:04.463Z
18996080,2020-03-27T08:51:04.421Z
18996111,2020-03-27T08:51:15.665Z
18996124,2020-03-27T08:51:15.664Z
18996132,2020-03-27T08:50:54.552Z
18996117,2020-03-27T08:51:29.059Z
18996130,2020-03-27T08:50:55.943Z
18996127,2020-03-27T08:51:12.982Z
18996118,2020-03-27T08:51:14.554Z
18996129,2020-03-27T08:51:07.418Z
18996131,2020-03-27T08:50:26.705Z
18996119,2020-03-27T08:50:49.821Z
18996120,2020-03-27T08:51:07.543Z
18996133,2020-03-27T08:51:14.452Z
18996125,2020-03-27T08:52:08.081Z
18996126,2020-03-27T08:50:54.553Z
18996121,2020-03-27T08:51:15.769Z
18996114,2020-03-27T08:49:18.915Z
18996123,2020-03-27T08:49:28.286Z
18996090,2020-03-27T08:51:29.113Z
18996091,2020-03-27T08:50:54.894Z
18996096,2020-03-27T08:45:29.124Z
18996088,2020-03-27T08:51:15.880Z
18996092,2020-03-27T08:50:59.533Z
18996095,2020-03-27T08:45:29.988Z
18996093,2020-03-27T08:49:23.766Z
18996143,2020-03-27T08:49:23.638Z
18996156,2020-03-27T08:50:55.984Z
18996157,2020-03-27T08:45:30.975Z
18996150,2020-03-27T08:52:27.414Z
18996152,2020-03-27T08:50:55.943Z
18996154,2020-03-27T08:45:29.204Z
18996145,2020-03-27T08:49:22.013Z
18996144,2020-03-27T08:52:06.760Z
18996148,2020-03-27T08:51:32.224Z
18996163,2020-03-27T08:51:31.826Z
18996164,2020-03-27T08:51:04.416Z
18996158,2020-03-27T08:51:29.059Z
18996159,2020-03-27T08:49:25.178Z
18996172,2020-03-27T08:50:54.554Z
18996171,2020-03-27T08:52:31.909Z
18996167,2020-03-27T08:51:15.662Z
18996181,2020-03-27T08:50:49.821Z
18996177,2020-03-27T08:50:54.314Z
18996179,2020-03-27T08:50:26.705Z
18996182,2020-03-27T08:51:35.409Z
18996174,2020-03-27T08:50:32.822Z
18996185,2020-03-27T08:49:18.918Z
18996184,2020-03-27T08:51:03.880Z
18996188,2020-03-27T08:49:18.969Z
18996190,2020-03-27T08:52:02.839Z
18996186,2020-03-27T08:51:01.240Z
18996183,2020-03-27T08:52:09.330Z
18996198,2020-03-27T08:51:38.215Z
18996204,2020-03-27T08:50:59.533Z
18996207,2020-03-27T08:51:31.826Z
18996203,2020-03-27T08:51:14.553Z
6038100,2020-04-02T17:12:45.754Z
19011273,2020-04-02T07:52:11.856Z
19011272,2020-04-02T07:52:11.856Z
19011275,2020-04-02T07:52:06.250Z
19011266,2020-04-02T07:52:06.250Z
19011264,2020-04-02T07:52:06.250Z
19011263,2020-04-02T07:52:06.250Z
19011270,2020-04-02T07:52:06.250Z
19011268,2020-04-02T07:52:06.250Z
19011267,2020-04-02T07:52:06.250Z
19011265,2020-04-02T07:52:06.250Z
19011269,2020-04-02T07:52:06.250Z
19011274,2020-04-02T07:52:06.250Z
19011280,2020-04-02T07:33:32.502Z
19011281,2020-04-02T07:33:32.502Z
19011276,2020-04-02T07:33:32.502Z
19011277,2020-04-02T07:33:32.502Z
19011278,2020-04-02T07:33:32.502Z
19011279,2020-04-02T07:33:32.502Z
19011283,2020-04-02T07:52:51.340Z
19011285,2020-04-02T07:52:51.340Z
19011284,2020-04-02T07:52:51.340Z
19011282,2020-04-02T07:52:51.340Z
19011287,2020-04-02T07:53:28.807Z
19011286,2020-04-02T07:53:28.807Z
19011288,2020-04-02T07:53:28.807Z
19011292,2020-04-02T07:53:36.518Z
19011293,2020-04-02T07:53:36.518Z
19011289,2020-04-02T07:53:38.294Z
19011300,2020-04-02T07:53:38.294Z
19011294,2020-04-02T07:53:38.294Z
19011303,2020-04-02T07:53:42.151Z
19011301,2020-04-02T07:53:38.294Z
19011291,2020-04-02T07:53:38.294Z
19011296,2020-04-02T07:53:38.294Z
19011305,2020-04-02T07:53:38.294Z
19011306,2020-04-02T07:53:38.294Z
19011290,2020-04-02T07:53:38.294Z
19011304,2020-04-02T07:53:38.294Z
19011311,2020-04-02T07:53:31.774Z
17361620,2020-03-25T12:15:15.987Z
17361624,2020-03-25T13:09:21.566Z
17361622,2020-03-25T05:35:50.154Z
17361633,2020-03-25T02:31:21.004Z
17361637,2020-04-02T07:34:06.965Z
17361641,2020-03-25T09:07:12.419Z
17361648,2020-03-25T09:48:05.858Z
17361649,2020-03-25T08:39:02.751Z
17361650,2020-03-25T13:14:02.557Z
17361655,2020-03-24T22:39:27.288Z
17361654,2020-03-25T01:10:24.007Z
17361652,2020-03-25T05:17:07.595Z
17361664,2020-03-25T13:34:55.475Z
17361662,2020-03-25T06:34:58.229Z
17361661,2020-03-25T13:37:17.859Z
17361667,2020-03-25T08:23:37.435Z
17361678,2020-03-25T10:59:14.986Z
17361684,2020-03-25T09:57:40.305Z
17361682,2020-03-25T09:30:24.381Z
17361685,2020-03-25T10:10:37.972Z
17361686,2020-03-25T07:58:09.253Z
17361689,2020-03-25T02:11:06.469Z
17361700,2020-03-25T02:13:47.772Z
17361701,2020-03-25T07:18:39.361Z
17361709,2020-03-25T12:41:59.199Z
17361714,2020-03-24T22:34:44.141Z
17361716,2020-03-25T05:14:54.637Z
17361703,2020-03-25T06:41:26.206Z
17361705,2020-03-25T13:18:23.603Z
17361717,2020-03-25T01:24:47.260Z
17361715,2020-03-24T23:47:07.824Z
17361699,2020-03-25T06:01:22.907Z
17361695,2020-03-24T23:05:20.260Z
17361697,2020-03-25T03:04:37.896Z
17361698,2020-03-25T08:56:49.672Z
17361696,2020-03-25T13:11:43.036Z
17361720,2020-04-02T07:34:30.986Z
17361724,2020-03-25T11:13:32.304Z
17361722,2020-03-25T13:10:45.095Z
17361723,2020-03-25T01:53:51.985Z
17361729,2020-03-25T03:05:44.508Z
17361728,2020-03-25T09:23:54.164Z
17361726,2020-03-25T08:28:20.046Z
17381749,2020-03-25T05:53:23.147Z
17381753,2020-03-25T08:37:58.177Z
17381751,2020-03-25T13:12:36.067Z
17381760,2020-03-25T13:28:26.164Z
17381761,2020-03-24T23:00:10.846Z
17381765,2020-03-25T11:12:44.704Z
17381763,2020-03-25T13:17:54.269Z
17381769,2020-03-25T08:58:05.520Z
17381768,2020-03-25T07:42:33.234Z
17381773,2020-03-25T07:43:12.332Z
17381779,2020-03-25T01:24:47.928Z
17381776,2020-03-25T09:02:45.372Z
17381790,2020-03-25T13:45:24.995Z
17381782,2020-03-25T08:05:53.459Z
17381780,2020-03-25T03:14:26.789Z
17381785,2020-03-25T07:34:35.669Z
17381788,2020-03-25T04:22:45.408Z
17381789,2020-03-27T07:34:10.793Z
17381786,2020-03-25T01:09:50.620Z
17381794,2020-03-25T10:46:09.155Z
17381797,2020-03-25T02:43:43.653Z
17381802,2020-03-25T05:04:35.152Z
17381801,2020-03-25T01:37:45.540Z
17381804,2020-03-25T07:35:55.216Z
17381806,2020-03-25T07:35:34.663Z
17381807,2020-03-24T23:48:42.086Z
17381808,2020-03-25T01:12:13.000Z
17381812,2020-03-25T10:23:42.675Z
17381810,2020-03-25T06:19:54.386Z
17381820,2020-03-25T13:32:35.220Z
17381821,2020-03-25T03:48:49.521Z
17381819,2020-03-25T06:44:46.135Z
17381818,2020-03-24T23:35:38.296Z
17381822,2020-03-24T23:18:56.866Z
17381823,2020-03-25T01:34:20.798Z
17381824,2020-03-25T10:48:51.617Z
17381833,2020-03-25T07:34:25.380Z
17381831,2020-03-27T08:30:56.382Z
17381834,2020-03-25T05:37:21.647Z
17381839,2020-03-25T03:08:18.628Z
17381840,2020-03-25T12:46:25.350Z
17381836,2020-03-25T14:02:23.883Z
17381835,2020-03-25T07:34:40.120Z
17381844,2020-03-25T05:39:15.871Z
17381850,2020-03-25T01:35:32.517Z
17381856,2020-03-25T07:35:39.363Z
17381862,2020-03-25T13:17:04.299Z
17381858,2020-03-25T07:34:25.380Z
19011315,2020-04-02T07:53:31.774Z
19011307,2020-04-02T07:53:31.774Z
19011316,2020-04-02T07:53:31.774Z
19011308,2020-04-02T07:53:31.774Z
19011312,2020-04-02T07:53:31.774Z
19011313,2020-04-02T07:53:34.484Z
19011310,2020-04-02T07:53:34.484Z
19011314,2020-04-02T07:53:34.484Z
19011319,2020-04-02T07:53:32.758Z
19011318,2020-04-02T07:53:32.758Z
19011322,2020-04-02T07:53:32.758Z
19011321,2020-04-02T07:53:34.108Z
19011320,2020-04-02T07:53:34.108Z
19011317,2020-04-02T07:53:34.108Z
19011328,2020-04-02T07:53:41.933Z
19011323,2020-04-02T07:53:41.933Z
19011333,2020-04-02T07:53:41.933Z
19011332,2020-04-02T07:53:41.933Z
19011331,2020-04-02T07:53:39.944Z
19011330,2020-04-02T07:53:39.944Z
19011325,2020-04-02T07:53:39.944Z
19011324,2020-04-02T07:53:39.944Z
19011339,2020-04-02T07:53:28.081Z
19011336,2020-04-02T07:53:28.081Z
19011343,2020-04-02T07:53:28.081Z
19011341,2020-04-02T07:53:28.081Z
19011338,2020-04-02T07:53:28.081Z
19011340,2020-04-02T07:53:28.081Z
19011337,2020-04-02T07:53:28.081Z
19011335,2020-04-02T07:53:28.081Z
19011347,2020-04-02T07:53:36.026Z
19011345,2020-04-02T07:53:36.026Z
19011344,2020-04-02T07:53:36.026Z
19011348,2020-04-02T07:53:36.026Z
19011346,2020-04-02T07:53:34.123Z
19011350,2020-04-02T07:53:34.123Z
19011351,2020-04-02T07:53:37.807Z
19011352,2020-04-02T07:53:37.807Z
19011356,2020-04-02T07:53:39.021Z
19011354,2020-04-02T07:53:39.021Z
19011353,2020-04-02T07:53:39.021Z
19011359,2020-04-02T07:53:23.376Z
19011358,2020-04-02T07:53:23.376Z
19011357,2020-04-02T07:53:23.376Z
19011365,2020-04-02T07:53:39.944Z
19011363,2020-04-02T07:53:39.944Z
19011361,2020-04-02T07:53:39.944Z
19011366,2020-04-02T07:53:39.944Z
19011362,2020-04-02T07:53:44.009Z
19011368,2020-04-02T07:53:44.009Z
19011364,2020-04-02T07:53:44.009Z
19011370,2020-04-02T07:53:27.805Z
19011376,2020-04-02T07:53:27.805Z
19011373,2020-04-02T07:53:27.805Z
19011375,2020-04-02T07:53:23.536Z
19011371,2020-04-02T07:53:23.536Z
19011374,2020-04-02T07:53:23.536Z
19011372,2020-04-02T07:53:23.536Z
19011382,2020-04-02T07:53:34.211Z
19011379,2020-04-02T07:53:34.211Z
19011380,2020-04-02T07:53:34.211Z
19011381,2020-04-02T07:53:34.211Z
19011386,2020-04-02T07:53:12.139Z
19011383,2020-04-02T07:53:12.139Z
19011384,2020-04-02T07:53:12.139Z
19011394,2020-04-02T07:52:54.228Z
19011395,2020-04-02T07:52:54.228Z
19011388,2020-04-02T07:52:54.228Z
19011393,2020-04-02T07:52:54.228Z
19011392,2020-04-02T07:52:54.228Z
19011390,2020-04-02T07:52:54.228Z
19011387,2020-04-02T07:52:49.522Z
19011389,2020-04-02T07:52:49.522Z
19011398,2020-04-02T07:53:23.447Z
19011403,2020-04-02T07:53:23.447Z
19011406,2020-04-02T07:53:23.447Z
19011401,2020-04-02T07:53:23.447Z
19011408,2020-04-02T07:53:23.447Z
19011396,2020-04-02T07:53:23.447Z
19011402,2020-04-02T07:53:23.376Z
19011407,2020-04-02T07:53:23.376Z
19011404,2020-04-02T07:53:23.376Z
19011400,2020-04-02T07:53:23.376Z
17178231,2020-02-26T09:32:26.535Z
17178225,2020-02-26T09:32:26.535Z
17178226,2020-02-26T09:32:20.464Z
17178229,2020-02-26T09:32:20.464Z
17178232,2020-02-26T09:32:20.464Z
17178230,2020-02-26T09:32:20.464Z
17178227,2020-02-26T09:32:20.464Z
17178236,2020-02-26T09:33:41.623Z
17178239,2020-03-04T13:24:21.516Z
17178243,2020-03-04T13:02:06.578Z
17178249,2020-03-04T13:31:30.711Z
17178247,2020-03-04T13:24:21.516Z
17178241,2020-03-04T13:20:31.187Z
17178252,2020-03-04T13:15:52.863Z
17178244,2020-03-04T13:13:39.180Z
17178250,2020-03-09T11:22:09.536Z
17178245,2020-02-26T09:32:25.142Z
17178237,2020-03-04T13:09:40.400Z
17178242,2020-03-04T13:15:52.863Z
17178251,2020-02-26T09:32:58.528Z
17178238,2020-03-10T08:37:04.583Z
17178246,2020-02-26T09:32:57.411Z
17178259,2020-03-04T13:18:13.789Z
17178260,2020-03-04T13:15:52.863Z
17178254,2020-03-04T13:13:39.180Z
17178253,2020-02-26T09:33:57.925Z
17178258,2020-03-04T13:20:37.567Z
17178256,2020-03-04T13:28:23.381Z
17178257,2020-03-04T13:07:58.590Z
17178262,2020-03-04T13:28:23.381Z
17178255,2020-03-04T13:24:21.516Z
17178263,2020-03-04T13:31:30.711Z
17178264,2020-03-04T13:24:21.516Z
17178265,2020-01-10T09:32:54.394Z
17178266,2020-03-04T13:28:14.273Z
17178268,2020-03-04T13:15:45.672Z
17178267,2020-03-04T13:13:39.066Z
17178274,2020-03-04T13:13:28.176Z
17178276,2020-03-04T13:31:30.711Z
17178275,2020-03-04T13:01:52.989Z
17178277,2020-03-04T13:07:44.987Z
17178286,2020-03-04T13:07:47.868Z
17178284,2020-03-04T13:20:27.720Z
17178281,2020-02-26T09:32:23.194Z
17178282,2020-03-04T13:20:27.720Z
17178285,2020-02-26T09:32:33.967Z
17178283,2020-03-04T13:31:30.711Z
17178287,2020-03-04T13:13:39.066Z
17178290,2020-03-04T13:13:29.230Z
17178300,2020-02-26T09:32:33.967Z
17178302,2020-03-04T13:13:44.382Z
17178301,2020-03-04T13:01:53.094Z
17178299,2020-03-04T13:13:28.176Z
17178303,2020-03-04T13:13:28.176Z
17178296,2020-02-26T09:32:30.643Z
17178294,2020-02-26T09:32:30.643Z
17178298,2020-02-26T09:32:33.065Z
17178295,2020-03-04T13:13:50.776Z
17178297,2020-03-04T13:18:23.876Z
17178307,2020-03-04T13:07:44.906Z
17178306,2020-03-04T13:20:27.720Z
17178305,2020-03-04T13:31:30.711Z
17178308,2020-03-04T13:13:28.176Z
17178304,2020-02-26T09:32:23.194Z
17178312,2020-01-10T09:33:12.561Z
17178310,2020-03-04T13:02:06.578Z
17178309,2020-03-04T13:07:51.271Z
17178313,2020-02-26T09:32:46.328Z
17178311,2020-02-26T09:32:45.433Z
17178316,2020-03-04T13:13:50.776Z
17178317,2020-02-26T09:32:35.998Z
17178318,2020-02-26T09:32:30.643Z
17178315,2020-02-26T09:32:30.643Z
17178314,2020-03-04T13:02:06.578Z
17178320,2020-02-26T09:32:45.433Z
17178322,2020-02-26T09:32:45.433Z
17178324,2020-02-26T09:32:45.433Z
17178321,2020-02-26T09:32:45.433Z
17178323,2020-02-26T09:32:39.753Z
17178338,2020-03-04T13:13:50.776Z
17178334,2020-03-04T13:18:04.474Z
17178336,2020-03-04T13:24:21.516Z
17178335,2020-03-04T13:18:04.474Z
17178337,2020-01-10T09:33:12.561Z
17178339,2020-02-26T09:32:39.753Z
17178342,2020-02-26T09:32:39.753Z
17178341,2020-02-26T09:32:39.753Z
